suchen,ersetzen
Abbildung(en),Abbildung
Abenteuerroman,Roman
Abhandlungen,Abhandlung
Abschriften,Abschrift
Aktennotizen,Aktennotiz
Anderes Konvolut,
Anderes Objekt,
Ansprachen und Begrüßungen,Rede / Vortrag
"Antiquariats-, Auktionskatalog",Antiquariatskatalog
Arbeiten für den Rundfunk,Rundfunkfeature
Aphorismen,Aphorismus
Aphoristisches,Aphorismus
Aufsätze,Aufsatz
Aufsätze und Vorträge,Aufsatz
Aufsätze zu Zeitfragen,Aufsatz
Aufsätze zur Literatur,Aufsatz
Aufsätze zur Musik,Aufsatz
Aufsätze zur Politik,Aufsatz
Autobiografie,Autobiografisches
Autobiografischer Roman,Autobiografisches
Autobiographische Aufsätze,Autobiografisches
Autobiographisches,Autobiografisches
Ballettaufführung,Ballett
Bearbeitungen,Bearbeitung
Bibliographie enthalten,Bibliografie
Bibliographie,Bibliografie
Bibliographien,Bibliografie
Bibliographisches,Bibliografie
Bibliothek der deutschen Literatur,
Biographie,Biografie
Biographisches,Biografie
Briefe,Brief
Brief(e),Brief
Briefbeilagen,Brief
Briefroman,Roman
Briefwechsel,Brief
Buchumschläge,Buchumschlag
Chanson,Lied
Comicroman,Comic
"Comic, Bildergeschichte",Comic
Dankrede,Rede / Vortrag
Datenträger,
Dissertation,Hochschulschrift
Dokumentarroman,Roman
Dokumente,Dokument
Drama,Dramatisches
Drehbücher,Drehbuch
Druckgraphik,Druckgrafik
E-Book,
Edition Corvey,
Eheroman,Roman
Einakter,Dramatisches
Ehren-Abzeichen,Abzeichen
Erinnerungen,Autobiografisches
"Erinnerung, Autobiographisches, Memoiren",Autobiografisches
Erzählende Prosa,Prosa
Erzählungen,Erzählung
Essayistisches,Essay
Essays,Essay
Exzerpte,Exzerpt
Feature / Rundfunkessay,Rundfunkfeature
Feature,Rundfunkfeature
Fernsehspiel / Spielfilm,Film
Film. Feature,Film
Flugblatt,Flugschrift
Gedicht,Lyrik
Gedichte,Lyrik
Gespräch,Gespräch / Interview
Gespräche,Gespräch / Interview
"Gespräch, Interview",Gespräch / Interview
Graphikmappe,Grafikmappe
Historische Erzählung,Erzählung
Historischer Roman,Roman
Hörspiele,Hörspiel
Illustrationen,Illustration
Interview,Gespräch / Interview
Interviews,Gespräch / Interview
Jugendbuch,Jugendliteratur
Jugendroman,Jugendliteratur
Kabarettprogramm,Kabarett
Kinderbuch,Kinderliteratur
Kolleghefte,Notizheft
Kolportageroman,Roman
Konzepte,Konzept
Kriminalroman,Kriminalgeschichte
Kritiken,Kritik
Kunstmärchen,Märchen
Kurze Prosa. Fiktional,Prosa
Kurze Prosa. Nichtfiktional,Prosa
Lektoratsgutachten,Gutachten
Libretti,Libretto
Liederbuch,Lied
Lithographiestein,Lithografiestein
Mitschriften,Mitschrift
Mundarttext,Mundartliteratur
Notathefte,Notizheft
Notizen,Notiz
Novellen,Novelle
Photoalbum,Fotoalbum
Photographie,Fotografie
Radiovorträge,Rundfunkmanuskript
Radio / TV-Manuskript,Rundfunkmanuskript
Rede,Rede / Vortrag
Reden,Rede / Vortrag
Reden und Vorträge,Rede / Vortrag
Register enthalten,Register
Reiseberichte,Reisebericht
Reprophoto,Reprofoto
Rezensionen,Rezension
Rundfunkmanuskripte,Rundfunkmanuskript
Rundfunkskripte,Rundfunkmanuskript
Photoalben,Fotoalbum
Photoalbum,Fotoalbum
Photographie,Fotografie
Photographien,Fotografie
Photomappe,Fotomappe
Photomappe DLA,Fotomappe
Provenienzmaterial,Bucheinlagen
Sammelrezensionen,Rezension
"Schulprogramm, Schulschrift",Schulprogramm
Seminare und Kolloquien,Vorlesung / Seminar
Seminare und Übungen,Vorlesung / Seminar
Seminare,Vorlesung / Seminar
Seminarübungen,Vorlesung / Seminar
Textsammlung (Anthologie u.a.m.),Anthologie
Theaterkritiken,Kritik
Übersetzung deutschspr. Literatur,"Übersetzung, fremdsprachig"
Übersetzung ins Deutsche,"Übersetzung, deutsch"
Übersetzungen,Übersetzung
Umschlag,Buchumschlag
Umschlagentwurf,Buchumschlag
Versdrama,Dramatisches
Versepen,Versepos
Vertonungen,Vertonung
Verträge,Vertrag
Volkslied,Lied
Vor- u. Nachworte,Vorwort / Nachwort
Vorlesung,Vorlesung / Seminar
Vorlesungen und Seminare,Vorlesung / Seminar
Vorlesungen,Vorlesung / Seminar
Vorlesungen,Vorlesung / Seminar
Vorträge,Rede / Vortrag
"Vortrag, Rede",Rede / Vortrag
Weblog,Literarisches Weblog
Website,Literarische Website
Werkausgabe,"Werke, Gesamtausgabe"
Werke Sammlung,"Werke, Teilausgabe"
Werke,Werk
Werkverzeichnisse,Werkverzeichnis
Widmungen,Widmung
Zeichnungen,Zeichnung
Zeitschriftenartikel,Beitrag
Zyklenroman,Roman
