id,dateModified,exportDC
AK00000001,2023-06-06,"<oai_dc:dc xmlns:oai_dc=""http://www.openarchives.org/OAI/2.0/oai_dc/"" xmlns:dc=""http://purl.org/dc/elements/1.1/"" xmlns:xsi=""http://www.w3.org/2001/XMLSchema-instance"" xsi:schemaLocation=""http://www.openarchives.org/OAI/2.0/oai_dc/ http://www.openarchives.org/OAI/2.0/oai_dc.xsd"">
  <dc:title>Bibliotheksdokument 1 - Ausgabebezeichnung Vorlageform : [Veröffentlichungsart 1]</dc:title>
  <dc:title>Titel der größeren Einheit in Vorlageform 1</dc:title>
  <dc:title>Titel der größeren Einheit in Vorlageform 2</dc:title>
  <dc:creator>Person 1 (1982–2001)</dc:creator>
  <dc:contributor>Person 2 (1982–2001)</dc:contributor>
  <dc:contributor>Körperschaft 1 (1982)</dc:contributor>
  <dc:contributor>Körperschaft 2</dc:contributor>
  <dc:contributor>Konferenz 1</dc:contributor>
  <dc:contributor>Konferenz 2</dc:contributor>
  <dc:contributor>Person 1 (1982–2001)</dc:contributor>
  <dc:type>Erweiterte physikalische Form</dc:type>
  <dc:type>Medienart 1</dc:type>
  <dc:type>Medienart 2</dc:type>
  <dc:type>Buchumschlag</dc:type>
  <dc:type>Gattung 1</dc:type>
  <dc:type>Gattung 2</dc:type>
  <dc:type>Veröffentlichungsart 1</dc:type>
  <dc:type>Veröffentlichungsart 2</dc:type>
  <dc:type>Datenträger 1</dc:type>
  <dc:type>Datenträger 2</dc:type>
  <dc:publisher>Verlag Vorlageform 1</dc:publisher>
  <dc:publisher>Verlag Vorlageform 2</dc:publisher>
  <dc:date>2023</dc:date>
  <dc:date>Jahr/Datum 1</dc:date>
  <dc:date>Jahr/Datum 2</dc:date>
  <dc:date>1999</dc:date>
  <dc:language>Sprache Original 1</dc:language>
  <dc:language>Sprache Original 2</dc:language>
  <dc:format>Format</dc:format>
  <dc:format>Umfang</dc:format>
  <dc:format>Physikalische Beschreibung 1</dc:format>
  <dc:format>Physikalische Beschreibung 2</dc:format>
  <dc:description>Fußnote 1</dc:description>
  <dc:description>Fußnote 2</dc:description>
  <dc:description>Inhalt 1</dc:description>
  <dc:description>Inhalt 2</dc:description>
  <dc:description>Erscheinungsverlauf bei Zeitschriften und Reihen</dc:description>
  <dc:subject>Thesaurus-Begriff 1</dc:subject>
  <dc:subject>Thesaurus-Begriff 2</dc:subject>
  <dc:subject>Basisnotation 1</dc:subject>
  <dc:subject>Basisnotation 2</dc:subject>
  <dc:subject>Autorenschema 1</dc:subject>
  <dc:subject>Autorenschema 2</dc:subject>
  <dc:subject>Person 1 (1982–2001)</dc:subject>
  <dc:subject>Person 2 (1982–2001)</dc:subject>
  <dc:subject>Körperschaft 1</dc:subject>
  <dc:subject>Körperschaft 2</dc:subject>
  <dc:subject>Bibliotheksdokument 1</dc:subject>
  <dc:subject>Vertrauliches Bibliotheksdokument 2</dc:subject>
  <dc:subject>Person 3 (1982–2001)</dc:subject>
  <dc:subject>Person 4</dc:subject>
  <dc:subject>Körperschaft 3</dc:subject>
  <dc:subject>Körperschaft 4</dc:subject>
  <dc:subject>Sacherschließungskette 1</dc:subject>
  <dc:subject>Sacherschließungskette 2</dc:subject>
  <dc:coverage>Thesaurus-Begriff 1</dc:coverage>
  <dc:source>https://www.dla-marbach.de/find/opac/id/AK00000011</dc:source>
  <dc:source>https://www.dla-marbach.de/find/opac/id/AK00000012</dc:source>
  <dc:source>https://www.dla-marbach.de/find/opac/id/AK99999999</dc:source>
  <dc:source>https://www.dla-marbach.de/find/opac/id/BF00000001</dc:source>
  <dc:source>https://www.dla-marbach.de/find/opac/id/BF00000002</dc:source>
  <dc:source>https://www.dla-marbach.de/find/opac/id/BF99999999</dc:source>
  <dc:relation>https://www.dla-marbach.de/find/opac/id/AK00000041</dc:relation>
  <dc:relation>https://www.dla-marbach.de/find/opac/id/AK00000042</dc:relation>
  <dc:relation>https://www.dla-marbach.de/find/opac/id/AK99999999</dc:relation>
  <dc:identifier>ISBN 1</dc:identifier>
  <dc:identifier>ISBN 2</dc:identifier>
  <dc:identifier>ISMN 1</dc:identifier>
  <dc:identifier>ISMN 2</dc:identifier>
  <dc:identifier>ISSN 1</dc:identifier>
  <dc:identifier>ISSN 2</dc:identifier>
  <dc:identifier>Lokale Signatur 1</dc:identifier>
  <dc:identifier>Lokale Signatur 2</dc:identifier>
  <dc:identifier>Exemplarsignatur (Exemplarsignaturzusatz)</dc:identifier>
  <dc:identifier>https://www.example.com</dc:identifier>
  <dc:identifier>https://www.dla-marbach.de/find/opac/id/AK00000001</dc:identifier>
  <dc:identifier>AK00000001</dc:identifier>
</oai_dc:dc>"
AK00000011,,"<oai_dc:dc xmlns:oai_dc=""http://www.openarchives.org/OAI/2.0/oai_dc/"" xmlns:dc=""http://purl.org/dc/elements/1.1/"" xmlns:xsi=""http://www.w3.org/2001/XMLSchema-instance"" xsi:schemaLocation=""http://www.openarchives.org/OAI/2.0/oai_dc/ http://www.openarchives.org/OAI/2.0/oai_dc.xsd"">
  <dc:title>Gesamttitel 1</dc:title>
  <dc:identifier>https://www.dla-marbach.de/find/opac/id/AK00000011</dc:identifier>
  <dc:identifier>AK00000011</dc:identifier>
</oai_dc:dc>"
AK00000012,,"<oai_dc:dc xmlns:oai_dc=""http://www.openarchives.org/OAI/2.0/oai_dc/"" xmlns:dc=""http://purl.org/dc/elements/1.1/"" xmlns:xsi=""http://www.w3.org/2001/XMLSchema-instance"" xsi:schemaLocation=""http://www.openarchives.org/OAI/2.0/oai_dc/ http://www.openarchives.org/OAI/2.0/oai_dc.xsd"">
  <dc:title>Gesamttitel 2</dc:title>
  <dc:identifier>https://www.dla-marbach.de/find/opac/id/AK00000012</dc:identifier>
  <dc:identifier>AK00000012</dc:identifier>
</oai_dc:dc>"
AK00000031,,"<oai_dc:dc xmlns:oai_dc=""http://www.openarchives.org/OAI/2.0/oai_dc/"" xmlns:dc=""http://purl.org/dc/elements/1.1/"" xmlns:xsi=""http://www.w3.org/2001/XMLSchema-instance"" xsi:schemaLocation=""http://www.openarchives.org/OAI/2.0/oai_dc/ http://www.openarchives.org/OAI/2.0/oai_dc.xsd"">
  <dc:title>Titel über 1</dc:title>
  <dc:identifier>https://www.dla-marbach.de/find/opac/id/AK00000031</dc:identifier>
  <dc:identifier>AK00000031</dc:identifier>
</oai_dc:dc>"
AK00000032,,"<oai_dc:dc xmlns:oai_dc=""http://www.openarchives.org/OAI/2.0/oai_dc/"" xmlns:dc=""http://purl.org/dc/elements/1.1/"" xmlns:xsi=""http://www.w3.org/2001/XMLSchema-instance"" xsi:schemaLocation=""http://www.openarchives.org/OAI/2.0/oai_dc/ http://www.openarchives.org/OAI/2.0/oai_dc.xsd"">
  <dc:title>Titel über 2</dc:title>
  <dc:identifier>https://www.dla-marbach.de/find/opac/id/AK00000032</dc:identifier>
  <dc:identifier>AK00000032</dc:identifier>
</oai_dc:dc>"
AK00000041,,"<oai_dc:dc xmlns:oai_dc=""http://www.openarchives.org/OAI/2.0/oai_dc/"" xmlns:dc=""http://purl.org/dc/elements/1.1/"" xmlns:xsi=""http://www.w3.org/2001/XMLSchema-instance"" xsi:schemaLocation=""http://www.openarchives.org/OAI/2.0/oai_dc/ http://www.openarchives.org/OAI/2.0/oai_dc.xsd"">
  <dc:title>Manifestation 1</dc:title>
  <dc:relation>https://www.dla-marbach.de/find/opac/id/AK00000001</dc:relation>
  <dc:identifier>https://www.dla-marbach.de/find/opac/id/AK00000041</dc:identifier>
  <dc:identifier>AK00000041</dc:identifier>
</oai_dc:dc>"
AK00000042,,"<oai_dc:dc xmlns:oai_dc=""http://www.openarchives.org/OAI/2.0/oai_dc/"" xmlns:dc=""http://purl.org/dc/elements/1.1/"" xmlns:xsi=""http://www.w3.org/2001/XMLSchema-instance"" xsi:schemaLocation=""http://www.openarchives.org/OAI/2.0/oai_dc/ http://www.openarchives.org/OAI/2.0/oai_dc.xsd"">
  <dc:title>Manifestation 2</dc:title>
  <dc:relation>https://www.dla-marbach.de/find/opac/id/AK00000001</dc:relation>
  <dc:identifier>https://www.dla-marbach.de/find/opac/id/AK00000042</dc:identifier>
  <dc:identifier>AK00000042</dc:identifier>
</oai_dc:dc>"
AK00000051,,"<oai_dc:dc xmlns:oai_dc=""http://www.openarchives.org/OAI/2.0/oai_dc/"" xmlns:dc=""http://purl.org/dc/elements/1.1/"" xmlns:xsi=""http://www.w3.org/2001/XMLSchema-instance"" xsi:schemaLocation=""http://www.openarchives.org/OAI/2.0/oai_dc/ http://www.openarchives.org/OAI/2.0/oai_dc.xsd"">
  <dc:title>Zeitschriftenheft 1</dc:title>
  <dc:identifier>https://www.dla-marbach.de/find/opac/id/AK00000051</dc:identifier>
  <dc:identifier>AK00000051</dc:identifier>
</oai_dc:dc>"
AK00000052,,"<oai_dc:dc xmlns:oai_dc=""http://www.openarchives.org/OAI/2.0/oai_dc/"" xmlns:dc=""http://purl.org/dc/elements/1.1/"" xmlns:xsi=""http://www.w3.org/2001/XMLSchema-instance"" xsi:schemaLocation=""http://www.openarchives.org/OAI/2.0/oai_dc/ http://www.openarchives.org/OAI/2.0/oai_dc.xsd"">
  <dc:title>Zeitschriftenheft 2</dc:title>
  <dc:identifier>https://www.dla-marbach.de/find/opac/id/AK00000052</dc:identifier>
  <dc:identifier>AK00000052</dc:identifier>
</oai_dc:dc>"
AK00000053,,"<oai_dc:dc xmlns:oai_dc=""http://www.openarchives.org/OAI/2.0/oai_dc/"" xmlns:dc=""http://purl.org/dc/elements/1.1/"" xmlns:xsi=""http://www.w3.org/2001/XMLSchema-instance"" xsi:schemaLocation=""http://www.openarchives.org/OAI/2.0/oai_dc/ http://www.openarchives.org/OAI/2.0/oai_dc.xsd"">
  <dc:title>Zeitschrift</dc:title>
  <dc:identifier>https://www.dla-marbach.de/find/opac/id/AK00000053</dc:identifier>
  <dc:identifier>AK00000053</dc:identifier>
</oai_dc:dc>"
AK00000061,,"<oai_dc:dc xmlns:oai_dc=""http://www.openarchives.org/OAI/2.0/oai_dc/"" xmlns:dc=""http://purl.org/dc/elements/1.1/"" xmlns:xsi=""http://www.w3.org/2001/XMLSchema-instance"" xsi:schemaLocation=""http://www.openarchives.org/OAI/2.0/oai_dc/ http://www.openarchives.org/OAI/2.0/oai_dc.xsd"">
  <dc:title>Facette Form und Inhalt : [Edition Corvey]</dc:title>
  <dc:type>Beitrag</dc:type>
  <dc:type>Epik</dc:type>
  <dc:type>Schwank</dc:type>
  <dc:type>Rundfunkmanuskript</dc:type>
  <dc:type>Aufsatz</dc:type>
  <dc:type>Literarisches Weblog</dc:type>
  <dc:description>Epik</dc:description>
  <dc:description>Schwank</dc:description>
  <dc:description>Rundfunkmanuskript</dc:description>
  <dc:description>Aufsatz</dc:description>
  <dc:description>Literarisches Weblog</dc:description>
  <dc:identifier>https://www.dla-marbach.de/find/opac/id/AK00000061</dc:identifier>
  <dc:identifier>AK00000061</dc:identifier>
</oai_dc:dc>"
AK00000062,,"<oai_dc:dc xmlns:oai_dc=""http://www.openarchives.org/OAI/2.0/oai_dc/"" xmlns:dc=""http://purl.org/dc/elements/1.1/"" xmlns:xsi=""http://www.w3.org/2001/XMLSchema-instance"" xsi:schemaLocation=""http://www.openarchives.org/OAI/2.0/oai_dc/ http://www.openarchives.org/OAI/2.0/oai_dc.xsd"">
  <dc:title>Facette Medium : [Musikalia]</dc:title>
  <dc:type>Noten</dc:type>
  <dc:type>Buch</dc:type>
  <dc:type>Buchumschlag</dc:type>
  <dc:type>Musikalia</dc:type>
  <dc:description>Noten</dc:description>
  <dc:description>Buch</dc:description>
  <dc:description>Buchumschlag</dc:description>
  <dc:identifier>https://www.dla-marbach.de/find/opac/id/AK00000062</dc:identifier>
  <dc:identifier>AK00000062</dc:identifier>
</oai_dc:dc>"
AK00000063,,"<oai_dc:dc xmlns:oai_dc=""http://www.openarchives.org/OAI/2.0/oai_dc/"" xmlns:dc=""http://purl.org/dc/elements/1.1/"" xmlns:xsi=""http://www.w3.org/2001/XMLSchema-instance"" xsi:schemaLocation=""http://www.openarchives.org/OAI/2.0/oai_dc/ http://www.openarchives.org/OAI/2.0/oai_dc.xsd"">
  <dc:title>Facette Personen und Körperschaften</dc:title>
  <dc:creator>Person 1 (1982–2001)</dc:creator>
  <dc:creator>Körperschaft 1 (1982)</dc:creator>
  <dc:contributor>Person 7</dc:contributor>
  <dc:contributor>Körperschaft 7</dc:contributor>
  <dc:identifier>https://www.dla-marbach.de/find/opac/id/AK00000063</dc:identifier>
  <dc:identifier>AK00000063</dc:identifier>
</oai_dc:dc>"
AK00000064,,"<oai_dc:dc xmlns:oai_dc=""http://www.openarchives.org/OAI/2.0/oai_dc/"" xmlns:dc=""http://purl.org/dc/elements/1.1/"" xmlns:xsi=""http://www.w3.org/2001/XMLSchema-instance"" xsi:schemaLocation=""http://www.openarchives.org/OAI/2.0/oai_dc/ http://www.openarchives.org/OAI/2.0/oai_dc.xsd"">
  <dc:title>Facette Personen und Körperschaften</dc:title>
  <dc:creator>Person 1 (1982–2001)</dc:creator>
  <dc:creator>Person 2 (1982–2001)</dc:creator>
  <dc:creator>Körperschaft 1 (1982)</dc:creator>
  <dc:creator>Körperschaft 2</dc:creator>
  <dc:identifier>https://www.dla-marbach.de/find/opac/id/AK00000064</dc:identifier>
  <dc:identifier>AK00000064</dc:identifier>
</oai_dc:dc>"
AK00000065,,"<oai_dc:dc xmlns:oai_dc=""http://www.openarchives.org/OAI/2.0/oai_dc/"" xmlns:dc=""http://purl.org/dc/elements/1.1/"" xmlns:xsi=""http://www.w3.org/2001/XMLSchema-instance"" xsi:schemaLocation=""http://www.openarchives.org/OAI/2.0/oai_dc/ http://www.openarchives.org/OAI/2.0/oai_dc.xsd"">
  <dc:title>Facette Personen und Körperschaften Systematikketten</dc:title>
  <dc:subject>Person 1 (1982–2001)</dc:subject>
  <dc:subject>Person 2 (1982–2001)</dc:subject>
  <dc:subject>Person 3 (1982–2001)</dc:subject>
  <dc:subject>Person 4</dc:subject>
  <dc:subject>Körperschaft 1</dc:subject>
  <dc:subject>Körperschaft 2</dc:subject>
  <dc:subject>Körperschaft 3</dc:subject>
  <dc:subject>Körperschaft 4</dc:subject>
  <dc:subject>Facette Personen und Körperschaften / Systematikketten / Von / Verfasser</dc:subject>
  <dc:subject>Facette Personen und Körperschaften / Systematikketten / Über</dc:subject>
  <dc:identifier>https://www.dla-marbach.de/find/opac/id/AK00000065</dc:identifier>
  <dc:identifier>AK00000065</dc:identifier>
</oai_dc:dc>"
AK00000066,,"<oai_dc:dc xmlns:oai_dc=""http://www.openarchives.org/OAI/2.0/oai_dc/"" xmlns:dc=""http://purl.org/dc/elements/1.1/"" xmlns:xsi=""http://www.w3.org/2001/XMLSchema-instance"" xsi:schemaLocation=""http://www.openarchives.org/OAI/2.0/oai_dc/ http://www.openarchives.org/OAI/2.0/oai_dc.xsd"">
  <dc:title>Facette Personen und Körperschaften Provenienzketten über Exemplare</dc:title>
  <dc:identifier>https://www.dla-marbach.de/find/opac/id/AK00000066</dc:identifier>
  <dc:identifier>AK00000066</dc:identifier>
</oai_dc:dc>"
AK00000071,,"<oai_dc:dc xmlns:oai_dc=""http://www.openarchives.org/OAI/2.0/oai_dc/"" xmlns:dc=""http://purl.org/dc/elements/1.1/"" xmlns:xsi=""http://www.w3.org/2001/XMLSchema-instance"" xsi:schemaLocation=""http://www.openarchives.org/OAI/2.0/oai_dc/ http://www.openarchives.org/OAI/2.0/oai_dc.xsd"">
  <dc:title>Verknüpfte Digitale Objekte</dc:title>
  <dc:identifier>https://digital.dla-marbach.de/viewer/image/BF00043389/0015/?media_thumbnail=BF00043389_0015.tif&amp;media_access=public</dc:identifier>
  <dc:identifier>https://digital.dla-marbach.de/viewer/image/BF00043389/?media_access=public</dc:identifier>
  <dc:identifier>https://www.dla-marbach.de/find/opac/id/AK00000071</dc:identifier>
  <dc:identifier>AK00000071</dc:identifier>
</oai_dc:dc>"
AK00000072,,"<oai_dc:dc xmlns:oai_dc=""http://www.openarchives.org/OAI/2.0/oai_dc/"" xmlns:dc=""http://purl.org/dc/elements/1.1/"" xmlns:xsi=""http://www.w3.org/2001/XMLSchema-instance"" xsi:schemaLocation=""http://www.openarchives.org/OAI/2.0/oai_dc/ http://www.openarchives.org/OAI/2.0/oai_dc.xsd"">
  <dc:title>Das erste verknüpfte digitale Objekt auf Exemplarebene wird kopiert</dc:title>
  <dc:identifier>https://digital.dla-marbach.de/files/dbst02/public/2024/20240118/20240118-0001.pdf?media_access=public&amp;media_license=CC-BY-NC-ND</dc:identifier>
  <dc:identifier>https://www.dla-marbach.de/find/opac/id/AK00000072</dc:identifier>
  <dc:identifier>AK00000072</dc:identifier>
</oai_dc:dc>"
AK00000081,,"<oai_dc:dc xmlns:oai_dc=""http://www.openarchives.org/OAI/2.0/oai_dc/"" xmlns:dc=""http://purl.org/dc/elements/1.1/"" xmlns:xsi=""http://www.w3.org/2001/XMLSchema-instance"" xsi:schemaLocation=""http://www.openarchives.org/OAI/2.0/oai_dc/ http://www.openarchives.org/OAI/2.0/oai_dc.xsd"">
  <dc:title>Facette Zeit: Sendedatum</dc:title>
  <dc:description>1982-05-22</dc:description>
  <dc:identifier>https://www.dla-marbach.de/find/opac/id/AK00000081</dc:identifier>
  <dc:identifier>AK00000081</dc:identifier>
</oai_dc:dc>"
AK00000082,,"<oai_dc:dc xmlns:oai_dc=""http://www.openarchives.org/OAI/2.0/oai_dc/"" xmlns:dc=""http://purl.org/dc/elements/1.1/"" xmlns:xsi=""http://www.w3.org/2001/XMLSchema-instance"" xsi:schemaLocation=""http://www.openarchives.org/OAI/2.0/oai_dc/ http://www.openarchives.org/OAI/2.0/oai_dc.xsd"">
  <dc:title>Facette Zeit: Provenienzketten</dc:title>
  <dc:description>1999</dc:description>
  <dc:identifier>https://www.dla-marbach.de/find/opac/id/AK00000082</dc:identifier>
  <dc:identifier>AK00000082</dc:identifier>
</oai_dc:dc>"
AK00000083,,"<oai_dc:dc xmlns:oai_dc=""http://www.openarchives.org/OAI/2.0/oai_dc/"" xmlns:dc=""http://purl.org/dc/elements/1.1/"" xmlns:xsi=""http://www.w3.org/2001/XMLSchema-instance"" xsi:schemaLocation=""http://www.openarchives.org/OAI/2.0/oai_dc/ http://www.openarchives.org/OAI/2.0/oai_dc.xsd"">
  <dc:title>Facette Zeit: dateOrigin und parentIssueYear</dc:title>
  <dc:date>1981</dc:date>
  <dc:description>1981</dc:description>
  <dc:description>[1982 TO 2011]</dc:description>
  <dc:identifier>https://www.dla-marbach.de/find/opac/id/AK00000083</dc:identifier>
  <dc:identifier>AK00000083</dc:identifier>
</oai_dc:dc>"
AK00000084,,"<oai_dc:dc xmlns:oai_dc=""http://www.openarchives.org/OAI/2.0/oai_dc/"" xmlns:dc=""http://purl.org/dc/elements/1.1/"" xmlns:xsi=""http://www.w3.org/2001/XMLSchema-instance"" xsi:schemaLocation=""http://www.openarchives.org/OAI/2.0/oai_dc/ http://www.openarchives.org/OAI/2.0/oai_dc.xsd"">
  <dc:title>Facette Zeit: invalide Datumsangabe</dc:title>
  <dc:date>1900-02-29</dc:date>
  <dc:description>1900 kein Schaltjahr</dc:description>
  <dc:identifier>https://www.dla-marbach.de/find/opac/id/AK00000084</dc:identifier>
  <dc:identifier>AK00000084</dc:identifier>
</oai_dc:dc>"
AK00000085,,"<oai_dc:dc xmlns:oai_dc=""http://www.openarchives.org/OAI/2.0/oai_dc/"" xmlns:dc=""http://purl.org/dc/elements/1.1/"" xmlns:xsi=""http://www.w3.org/2001/XMLSchema-instance"" xsi:schemaLocation=""http://www.openarchives.org/OAI/2.0/oai_dc/ http://www.openarchives.org/OAI/2.0/oai_dc.xsd"">
  <dc:title>Facette Zeit: invalide Zeitspanne</dc:title>
  <dc:description>Zeitspanne in falscher Reihenfolge</dc:description>
  <dc:identifier>https://www.dla-marbach.de/find/opac/id/AK00000085</dc:identifier>
  <dc:identifier>AK00000085</dc:identifier>
</oai_dc:dc>"
AK00000091,,"<oai_dc:dc xmlns:oai_dc=""http://www.openarchives.org/OAI/2.0/oai_dc/"" xmlns:dc=""http://purl.org/dc/elements/1.1/"" xmlns:xsi=""http://www.w3.org/2001/XMLSchema-instance"" xsi:schemaLocation=""http://www.openarchives.org/OAI/2.0/oai_dc/ http://www.openarchives.org/OAI/2.0/oai_dc.xsd"">
  <dc:title>Facette Medientyp: Daten</dc:title>
  <dc:type>Online-Ressource</dc:type>
  <dc:identifier>https://www.dla-marbach.de/find/opac/id/AK00000091</dc:identifier>
  <dc:identifier>AK00000091</dc:identifier>
</oai_dc:dc>"
AK00000092,,"<oai_dc:dc xmlns:oai_dc=""http://www.openarchives.org/OAI/2.0/oai_dc/"" xmlns:dc=""http://purl.org/dc/elements/1.1/"" xmlns:xsi=""http://www.w3.org/2001/XMLSchema-instance"" xsi:schemaLocation=""http://www.openarchives.org/OAI/2.0/oai_dc/ http://www.openarchives.org/OAI/2.0/oai_dc.xsd"">
  <dc:title>Facette Medientyp: Gedrucktes</dc:title>
  <dc:identifier>https://www.dla-marbach.de/find/opac/id/AK00000092</dc:identifier>
  <dc:identifier>AK00000092</dc:identifier>
</oai_dc:dc>"
AK00000094,,"<oai_dc:dc xmlns:oai_dc=""http://www.openarchives.org/OAI/2.0/oai_dc/"" xmlns:dc=""http://purl.org/dc/elements/1.1/"" xmlns:xsi=""http://www.w3.org/2001/XMLSchema-instance"" xsi:schemaLocation=""http://www.openarchives.org/OAI/2.0/oai_dc/ http://www.openarchives.org/OAI/2.0/oai_dc.xsd"">
  <dc:title>Facette Medientyp: Audio</dc:title>
  <dc:type>Audiodatei</dc:type>
  <dc:identifier>https://www.dla-marbach.de/find/opac/id/AK00000094</dc:identifier>
  <dc:identifier>AK00000094</dc:identifier>
</oai_dc:dc>"
AK00000095,,"<oai_dc:dc xmlns:oai_dc=""http://www.openarchives.org/OAI/2.0/oai_dc/"" xmlns:dc=""http://purl.org/dc/elements/1.1/"" xmlns:xsi=""http://www.w3.org/2001/XMLSchema-instance"" xsi:schemaLocation=""http://www.openarchives.org/OAI/2.0/oai_dc/ http://www.openarchives.org/OAI/2.0/oai_dc.xsd"">
  <dc:title>Facette Medientyp: Video</dc:title>
  <dc:type>Videokassette</dc:type>
  <dc:identifier>https://www.dla-marbach.de/find/opac/id/AK00000095</dc:identifier>
  <dc:identifier>AK00000095</dc:identifier>
</oai_dc:dc>"
AK00000101,,"<oai_dc:dc xmlns:oai_dc=""http://www.openarchives.org/OAI/2.0/oai_dc/"" xmlns:dc=""http://purl.org/dc/elements/1.1/"" xmlns:xsi=""http://www.w3.org/2001/XMLSchema-instance"" xsi:schemaLocation=""http://www.openarchives.org/OAI/2.0/oai_dc/ http://www.openarchives.org/OAI/2.0/oai_dc.xsd"">
  <dc:title>Facette Ort: Berlin␝Fundort</dc:title>
  <dc:identifier>https://www.dla-marbach.de/find/opac/id/AK00000101</dc:identifier>
  <dc:identifier>AK00000101</dc:identifier>
</oai_dc:dc>"
AK00000111,,"<oai_dc:dc xmlns:oai_dc=""http://www.openarchives.org/OAI/2.0/oai_dc/"" xmlns:dc=""http://purl.org/dc/elements/1.1/"" xmlns:xsi=""http://www.w3.org/2001/XMLSchema-instance"" xsi:schemaLocation=""http://www.openarchives.org/OAI/2.0/oai_dc/ http://www.openarchives.org/OAI/2.0/oai_dc.xsd"">
  <dc:title>Teil eines mehrbändigen Werks</dc:title>
  <dc:creator>Person 1 (1982–2001)</dc:creator>
  <dc:contributor>Person 2 (1982–2001)</dc:contributor>
  <dc:contributor>Körperschaft 1 (1982)</dc:contributor>
  <dc:contributor>Körperschaft 2</dc:contributor>
  <dc:contributor>Konferenz 1</dc:contributor>
  <dc:contributor>Konferenz 2</dc:contributor>
  <dc:source>https://www.dla-marbach.de/find/opac/id/AK00000001</dc:source>
  <dc:identifier>https://www.dla-marbach.de/find/opac/id/AK00000111</dc:identifier>
  <dc:identifier>AK00000111</dc:identifier>
</oai_dc:dc>"
AK00000121,,"<oai_dc:dc xmlns:oai_dc=""http://www.openarchives.org/OAI/2.0/oai_dc/"" xmlns:dc=""http://purl.org/dc/elements/1.1/"" xmlns:xsi=""http://www.w3.org/2001/XMLSchema-instance"" xsi:schemaLocation=""http://www.openarchives.org/OAI/2.0/oai_dc/ http://www.openarchives.org/OAI/2.0/oai_dc.xsd"">
  <dc:title>Wikidata Q23572</dc:title>
  <dc:identifier>https://www.dla-marbach.de/find/opac/id/AK00000121</dc:identifier>
  <dc:identifier>AK00000121</dc:identifier>
</oai_dc:dc>"
AK00000122,,"<oai_dc:dc xmlns:oai_dc=""http://www.openarchives.org/OAI/2.0/oai_dc/"" xmlns:dc=""http://purl.org/dc/elements/1.1/"" xmlns:xsi=""http://www.w3.org/2001/XMLSchema-instance"" xsi:schemaLocation=""http://www.openarchives.org/OAI/2.0/oai_dc/ http://www.openarchives.org/OAI/2.0/oai_dc.xsd"">
  <dc:title>Emil und die Detektive (1931)</dc:title>
  <dc:identifier>https://www.dla-marbach.de/find/opac/id/AK00000122</dc:identifier>
  <dc:identifier>AK00000122</dc:identifier>
</oai_dc:dc>"
AK00000123,,"<oai_dc:dc xmlns:oai_dc=""http://www.openarchives.org/OAI/2.0/oai_dc/"" xmlns:dc=""http://purl.org/dc/elements/1.1/"" xmlns:xsi=""http://www.w3.org/2001/XMLSchema-instance"" xsi:schemaLocation=""http://www.openarchives.org/OAI/2.0/oai_dc/ http://www.openarchives.org/OAI/2.0/oai_dc.xsd"">
  <dc:title>Der Prozess</dc:title>
  <dc:identifier>https://www.dla-marbach.de/find/opac/id/AK00000123</dc:identifier>
  <dc:identifier>AK00000123</dc:identifier>
</oai_dc:dc>"
AK00000131,,"<oai_dc:dc xmlns:oai_dc=""http://www.openarchives.org/OAI/2.0/oai_dc/"" xmlns:dc=""http://purl.org/dc/elements/1.1/"" xmlns:xsi=""http://www.w3.org/2001/XMLSchema-instance"" xsi:schemaLocation=""http://www.openarchives.org/OAI/2.0/oai_dc/ http://www.openarchives.org/OAI/2.0/oai_dc.xsd"">
  <dc:title>Kästner, Erich &lt;1899-1974&gt;. Das doppelte Lottchen (Kinderbuch : 1949)</dc:title>
  <dc:relation>https://www.dla-marbach.de/find/opac/id/AK00000132</dc:relation>
  <dc:identifier>https://www.dla-marbach.de/find/opac/id/AK00000131</dc:identifier>
  <dc:identifier>AK00000131</dc:identifier>
</oai_dc:dc>"
AK00000132,,"<oai_dc:dc xmlns:oai_dc=""http://www.openarchives.org/OAI/2.0/oai_dc/"" xmlns:dc=""http://purl.org/dc/elements/1.1/"" xmlns:xsi=""http://www.w3.org/2001/XMLSchema-instance"" xsi:schemaLocation=""http://www.openarchives.org/OAI/2.0/oai_dc/ http://www.openarchives.org/OAI/2.0/oai_dc.xsd"">
  <dc:title>Windeck, Corinna. Das doppelte Lottchen (Hörspiel : 2017)</dc:title>
  <dc:relation>https://www.dla-marbach.de/find/opac/id/AK00000131</dc:relation>
  <dc:identifier>https://www.dla-marbach.de/find/opac/id/AK00000132</dc:identifier>
  <dc:identifier>AK00000132</dc:identifier>
</oai_dc:dc>"
AK00000141,,"<oai_dc:dc xmlns:oai_dc=""http://www.openarchives.org/OAI/2.0/oai_dc/"" xmlns:dc=""http://purl.org/dc/elements/1.1/"" xmlns:xsi=""http://www.w3.org/2001/XMLSchema-instance"" xsi:schemaLocation=""http://www.openarchives.org/OAI/2.0/oai_dc/ http://www.openarchives.org/OAI/2.0/oai_dc.xsd"">
  <dc:title>Statt etwas oder Der letzte Rank : Roman - 1. Auflage</dc:title>
  <dc:identifier>https://www.dla-marbach.de/find/opac/id/AK00000141</dc:identifier>
  <dc:identifier>AK00000141</dc:identifier>
</oai_dc:dc>"
AK00000142,,"<oai_dc:dc xmlns:oai_dc=""http://www.openarchives.org/OAI/2.0/oai_dc/"" xmlns:dc=""http://purl.org/dc/elements/1.1/"" xmlns:xsi=""http://www.w3.org/2001/XMLSchema-instance"" xsi:schemaLocation=""http://www.openarchives.org/OAI/2.0/oai_dc/ http://www.openarchives.org/OAI/2.0/oai_dc.xsd"">
  <dc:title>Martin Walser: Statt etwas oder Der letzte Rank / Anton Philipp Knittel</dc:title>
  <dc:relation>https://www.dla-marbach.de/find/opac/id/AK00000141</dc:relation>
  <dc:identifier>https://www.dla-marbach.de/find/opac/id/AK00000142</dc:identifier>
  <dc:identifier>AK00000142</dc:identifier>
</oai_dc:dc>"
AK00001001,,"<oai_dc:dc xmlns:oai_dc=""http://www.openarchives.org/OAI/2.0/oai_dc/"" xmlns:dc=""http://purl.org/dc/elements/1.1/"" xmlns:xsi=""http://www.w3.org/2001/XMLSchema-instance"" xsi:schemaLocation=""http://www.openarchives.org/OAI/2.0/oai_dc/ http://www.openarchives.org/OAI/2.0/oai_dc.xsd"">
  <dc:title>Zwei verknüpfte Personen mit Indexloch in der Mitte</dc:title>
  <dc:creator>Person 1 (1982–2001)</dc:creator>
  <dc:creator>Person 2 (1982–2001)</dc:creator>
  <dc:identifier>https://www.dla-marbach.de/find/opac/id/AK00001001</dc:identifier>
  <dc:identifier>AK00001001</dc:identifier>
</oai_dc:dc>"
AK00001002,,"<oai_dc:dc xmlns:oai_dc=""http://www.openarchives.org/OAI/2.0/oai_dc/"" xmlns:dc=""http://purl.org/dc/elements/1.1/"" xmlns:xsi=""http://www.w3.org/2001/XMLSchema-instance"" xsi:schemaLocation=""http://www.openarchives.org/OAI/2.0/oai_dc/ http://www.openarchives.org/OAI/2.0/oai_dc.xsd"">
  <dc:title>Eine verknüpfte Person mit Indexloch am Anfang</dc:title>
  <dc:creator>Person 1 (1982–2001)</dc:creator>
  <dc:identifier>https://www.dla-marbach.de/find/opac/id/AK00001002</dc:identifier>
  <dc:identifier>AK00001002</dc:identifier>
</oai_dc:dc>"
AK00001003,,"<oai_dc:dc xmlns:oai_dc=""http://www.openarchives.org/OAI/2.0/oai_dc/"" xmlns:dc=""http://purl.org/dc/elements/1.1/"" xmlns:xsi=""http://www.w3.org/2001/XMLSchema-instance"" xsi:schemaLocation=""http://www.openarchives.org/OAI/2.0/oai_dc/ http://www.openarchives.org/OAI/2.0/oai_dc.xsd"">
  <dc:title>Drei verknüpfte Personen mit nur einer Funktion</dc:title>
  <dc:creator>Person 1 (1982–2001)</dc:creator>
  <dc:creator>Person 2 (1982–2001)</dc:creator>
  <dc:creator>Person 3 (1982–2001)</dc:creator>
  <dc:identifier>https://www.dla-marbach.de/find/opac/id/AK00001003</dc:identifier>
  <dc:identifier>AK00001003</dc:identifier>
</oai_dc:dc>"
AK00001004,,"<oai_dc:dc xmlns:oai_dc=""http://www.openarchives.org/OAI/2.0/oai_dc/"" xmlns:dc=""http://purl.org/dc/elements/1.1/"" xmlns:xsi=""http://www.w3.org/2001/XMLSchema-instance"" xsi:schemaLocation=""http://www.openarchives.org/OAI/2.0/oai_dc/ http://www.openarchives.org/OAI/2.0/oai_dc.xsd"">
  <dc:title>Zwei verknüpfte Personen mit vier Funktionen (Funktion 3 und 4 sowie Indexloch überschüssig)</dc:title>
  <dc:creator>Person 1 (1982–2001)</dc:creator>
  <dc:creator>Person 2 (1982–2001)</dc:creator>
  <dc:identifier>https://www.dla-marbach.de/find/opac/id/AK00001004</dc:identifier>
  <dc:identifier>AK00001004</dc:identifier>
</oai_dc:dc>"
AK00002001,,"<oai_dc:dc xmlns:oai_dc=""http://www.openarchives.org/OAI/2.0/oai_dc/"" xmlns:dc=""http://purl.org/dc/elements/1.1/"" xmlns:xsi=""http://www.w3.org/2001/XMLSchema-instance"" xsi:schemaLocation=""http://www.openarchives.org/OAI/2.0/oai_dc/ http://www.openarchives.org/OAI/2.0/oai_dc.xsd"">
  <dc:title>Wertetabelle: Code b wird aufgelöst zu Bibliotheksdokumente</dc:title>
  <dc:identifier>https://www.dla-marbach.de/find/opac/id/AK00002001</dc:identifier>
  <dc:identifier>AK00002001</dc:identifier>
</oai_dc:dc>"
AK00002002,,"<oai_dc:dc xmlns:oai_dc=""http://www.openarchives.org/OAI/2.0/oai_dc/"" xmlns:dc=""http://purl.org/dc/elements/1.1/"" xmlns:xsi=""http://www.w3.org/2001/XMLSchema-instance"" xsi:schemaLocation=""http://www.openarchives.org/OAI/2.0/oai_dc/ http://www.openarchives.org/OAI/2.0/oai_dc.xsd"">
  <dc:title>Mappings: AdressatIn wird zu Adressat normalisiert</dc:title>
  <dc:identifier>https://www.dla-marbach.de/find/opac/id/AK00002002</dc:identifier>
  <dc:identifier>AK00002002</dc:identifier>
</oai_dc:dc>"
AK00002003,,"<oai_dc:dc xmlns:oai_dc=""http://www.openarchives.org/OAI/2.0/oai_dc/"" xmlns:dc=""http://purl.org/dc/elements/1.1/"" xmlns:xsi=""http://www.w3.org/2001/XMLSchema-instance"" xsi:schemaLocation=""http://www.openarchives.org/OAI/2.0/oai_dc/ http://www.openarchives.org/OAI/2.0/oai_dc.xsd"">
  <dc:title>Dieser Datensatz enhält ein Zusatzfeld BLABLA, das bei der Konvertierung entfällt.</dc:title>
  <dc:identifier>https://www.dla-marbach.de/find/opac/id/AK00002003</dc:identifier>
  <dc:identifier>AK00002003</dc:identifier>
</oai_dc:dc>"
AK00002004,,"<oai_dc:dc xmlns:oai_dc=""http://www.openarchives.org/OAI/2.0/oai_dc/"" xmlns:dc=""http://purl.org/dc/elements/1.1/"" xmlns:xsi=""http://www.w3.org/2001/XMLSchema-instance"" xsi:schemaLocation=""http://www.openarchives.org/OAI/2.0/oai_dc/ http://www.openarchives.org/OAI/2.0/oai_dc.xsd"">
  <dc:title>Von drei Codes in categoryMedia_mv bleibt nur CD erhalten</dc:title>
  <dc:type>Audio-CD</dc:type>
  <dc:identifier>https://www.dla-marbach.de/find/opac/id/AK00002004</dc:identifier>
  <dc:identifier>AK00002004</dc:identifier>
</oai_dc:dc>"
AK00003001,,"<oai_dc:dc xmlns:oai_dc=""http://www.openarchives.org/OAI/2.0/oai_dc/"" xmlns:dc=""http://purl.org/dc/elements/1.1/"" xmlns:xsi=""http://www.w3.org/2001/XMLSchema-instance"" xsi:schemaLocation=""http://www.openarchives.org/OAI/2.0/oai_dc/ http://www.openarchives.org/OAI/2.0/oai_dc.xsd"">
  <dc:title>Konvertierung von 19680522 in 1968-05-22</dc:title>
  <dc:date>1968-05-22</dc:date>
  <dc:identifier>https://www.dla-marbach.de/find/opac/id/AK00003001</dc:identifier>
  <dc:identifier>AK00003001</dc:identifier>
</oai_dc:dc>"
AK00003002,,"<oai_dc:dc xmlns:oai_dc=""http://www.openarchives.org/OAI/2.0/oai_dc/"" xmlns:dc=""http://purl.org/dc/elements/1.1/"" xmlns:xsi=""http://www.w3.org/2001/XMLSchema-instance"" xsi:schemaLocation=""http://www.openarchives.org/OAI/2.0/oai_dc/ http://www.openarchives.org/OAI/2.0/oai_dc.xsd"">
  <dc:title>Konvertierung von 19680500 in 1968-05</dc:title>
  <dc:date>1968-05</dc:date>
  <dc:identifier>https://www.dla-marbach.de/find/opac/id/AK00003002</dc:identifier>
  <dc:identifier>AK00003002</dc:identifier>
</oai_dc:dc>"
AK00003003,,"<oai_dc:dc xmlns:oai_dc=""http://www.openarchives.org/OAI/2.0/oai_dc/"" xmlns:dc=""http://purl.org/dc/elements/1.1/"" xmlns:xsi=""http://www.w3.org/2001/XMLSchema-instance"" xsi:schemaLocation=""http://www.openarchives.org/OAI/2.0/oai_dc/ http://www.openarchives.org/OAI/2.0/oai_dc.xsd"">
  <dc:title>Konvertierung von 19680000 in 1968</dc:title>
  <dc:date>1968</dc:date>
  <dc:identifier>https://www.dla-marbach.de/find/opac/id/AK00003003</dc:identifier>
  <dc:identifier>AK00003003</dc:identifier>
</oai_dc:dc>"
AK00003004,,"<oai_dc:dc xmlns:oai_dc=""http://www.openarchives.org/OAI/2.0/oai_dc/"" xmlns:dc=""http://purl.org/dc/elements/1.1/"" xmlns:xsi=""http://www.w3.org/2001/XMLSchema-instance"" xsi:schemaLocation=""http://www.openarchives.org/OAI/2.0/oai_dc/ http://www.openarchives.org/OAI/2.0/oai_dc.xsd"">
  <dc:title>Nichtnormierte Datumsangabe Mai 1968 entfällt</dc:title>
  <dc:identifier>https://www.dla-marbach.de/find/opac/id/AK00003004</dc:identifier>
  <dc:identifier>AK00003004</dc:identifier>
</oai_dc:dc>"
AK00003005,,"<oai_dc:dc xmlns:oai_dc=""http://www.openarchives.org/OAI/2.0/oai_dc/"" xmlns:dc=""http://purl.org/dc/elements/1.1/"" xmlns:xsi=""http://www.w3.org/2001/XMLSchema-instance"" xsi:schemaLocation=""http://www.openarchives.org/OAI/2.0/oai_dc/ http://www.openarchives.org/OAI/2.0/oai_dc.xsd"">
  <dc:title>Nichtnormierte Datumsangabe 2021/2022 entfällt</dc:title>
  <dc:identifier>https://www.dla-marbach.de/find/opac/id/AK00003005</dc:identifier>
  <dc:identifier>AK00003005</dc:identifier>
</oai_dc:dc>"
AK00003006,,"<oai_dc:dc xmlns:oai_dc=""http://www.openarchives.org/OAI/2.0/oai_dc/"" xmlns:dc=""http://purl.org/dc/elements/1.1/"" xmlns:xsi=""http://www.w3.org/2001/XMLSchema-instance"" xsi:schemaLocation=""http://www.openarchives.org/OAI/2.0/oai_dc/ http://www.openarchives.org/OAI/2.0/oai_dc.xsd"">
  <dc:title>Zwei nichtnormierte Datumsangaben entfallen</dc:title>
  <dc:identifier>https://www.dla-marbach.de/find/opac/id/AK00003006</dc:identifier>
  <dc:identifier>AK00003006</dc:identifier>
</oai_dc:dc>"
AK00004001,,"<oai_dc:dc xmlns:oai_dc=""http://www.openarchives.org/OAI/2.0/oai_dc/"" xmlns:dc=""http://purl.org/dc/elements/1.1/"" xmlns:xsi=""http://www.w3.org/2001/XMLSchema-instance"" xsi:schemaLocation=""http://www.openarchives.org/OAI/2.0/oai_dc/ http://www.openarchives.org/OAI/2.0/oai_dc.xsd"">
  <dc:title>Inhaltsangabe mit aDis Zeilenumbrüchen &lt;br&gt; und /SP/ die NICHT ersetzt werden</dc:title>
  <dc:description>Kapitel 1: Einleitung&lt;br&gt;Kapitel 2: Hauptteil/SP/Kapitel 3: Schluss</dc:description>
  <dc:identifier>https://www.dla-marbach.de/find/opac/id/AK00004001</dc:identifier>
  <dc:identifier>AK00004001</dc:identifier>
</oai_dc:dc>"
AK00004002,,"<oai_dc:dc xmlns:oai_dc=""http://www.openarchives.org/OAI/2.0/oai_dc/"" xmlns:dc=""http://purl.org/dc/elements/1.1/"" xmlns:xsi=""http://www.w3.org/2001/XMLSchema-instance"" xsi:schemaLocation=""http://www.openarchives.org/OAI/2.0/oai_dc/ http://www.openarchives.org/OAI/2.0/oai_dc.xsd"">
  <dc:title>Drei Fußnoten mit aDIS Zeilenumbrüchen &lt;br&gt; und /SP/ die ersetzt werden</dc:title>
  <dc:description>[1] Fußnote mit aDIS Zeilenumbruch Variante 1
[2] Fußnote mit aDIS Zeilenumbruch Variante 2
[3] Fußnote ohne Zeilenumbruch</dc:description>
  <dc:identifier>https://www.dla-marbach.de/find/opac/id/AK00004002</dc:identifier>
  <dc:identifier>AK00004002</dc:identifier>
</oai_dc:dc>"
AK00004003,,"<oai_dc:dc xmlns:oai_dc=""http://www.openarchives.org/OAI/2.0/oai_dc/"" xmlns:dc=""http://purl.org/dc/elements/1.1/"" xmlns:xsi=""http://www.w3.org/2001/XMLSchema-instance"" xsi:schemaLocation=""http://www.openarchives.org/OAI/2.0/oai_dc/ http://www.openarchives.org/OAI/2.0/oai_dc.xsd"">
  <dc:title>Inhaltsangabe mit mehr als 100 Zeichen</dc:title>
  <dc:description>Diese Zusammenfassung enthält mehr als 100 Zeichen und hat deshalb einen Zeilenumbruch im Quellformat aDIS Token aber nicht im Zielformat CSV.</dc:description>
  <dc:identifier>https://www.dla-marbach.de/find/opac/id/AK00004003</dc:identifier>
  <dc:identifier>AK00004003</dc:identifier>
</oai_dc:dc>"
AK00004004,,"<oai_dc:dc xmlns:oai_dc=""http://www.openarchives.org/OAI/2.0/oai_dc/"" xmlns:dc=""http://purl.org/dc/elements/1.1/"" xmlns:xsi=""http://www.w3.org/2001/XMLSchema-instance"" xsi:schemaLocation=""http://www.openarchives.org/OAI/2.0/oai_dc/ http://www.openarchives.org/OAI/2.0/oai_dc.xsd"">
  <dc:title>Inhaltsangabe mit fünf Tabs, die durch Leerzeichen ersetzt werden.</dc:title>
  <dc:description>Tabs und Leerzeichen am Ende entfallen:</dc:description>
  <dc:description>Tabs mittendrin:           werden ersetzt.</dc:description>
  <dc:identifier>https://www.dla-marbach.de/find/opac/id/AK00004004</dc:identifier>
  <dc:identifier>AK00004004</dc:identifier>
</oai_dc:dc>"
AK00004005,,"<oai_dc:dc xmlns:oai_dc=""http://www.openarchives.org/OAI/2.0/oai_dc/"" xmlns:dc=""http://purl.org/dc/elements/1.1/"" xmlns:xsi=""http://www.w3.org/2001/XMLSchema-instance"" xsi:schemaLocation=""http://www.openarchives.org/OAI/2.0/oai_dc/ http://www.openarchives.org/OAI/2.0/oai_dc.xsd"">
  <dc:title>Nicht-Sortierzeichen entfallen generell.</dc:title>
  <dc:description>Dieser Titel hat jetzt keine Nicht-Sortierzeichen mehr.</dc:description>
  <dc:identifier>https://www.dla-marbach.de/find/opac/id/AK00004005</dc:identifier>
  <dc:identifier>AK00004005</dc:identifier>
</oai_dc:dc>"
AK00005002,,"<oai_dc:dc xmlns:oai_dc=""http://www.openarchives.org/OAI/2.0/oai_dc/"" xmlns:dc=""http://purl.org/dc/elements/1.1/"" xmlns:xsi=""http://www.w3.org/2001/XMLSchema-instance"" xsi:schemaLocation=""http://www.openarchives.org/OAI/2.0/oai_dc/ http://www.openarchives.org/OAI/2.0/oai_dc.xsd"">
  <dc:title>Öffentlicher Datensatz</dc:title>
  <dc:identifier>https://www.dla-marbach.de/find/opac/id/AK00005002</dc:identifier>
  <dc:identifier>AK00005002</dc:identifier>
</oai_dc:dc>"
AK00006001,,"<oai_dc:dc xmlns:oai_dc=""http://www.openarchives.org/OAI/2.0/oai_dc/"" xmlns:dc=""http://purl.org/dc/elements/1.1/"" xmlns:xsi=""http://www.w3.org/2001/XMLSchema-instance"" xsi:schemaLocation=""http://www.openarchives.org/OAI/2.0/oai_dc/ http://www.openarchives.org/OAI/2.0/oai_dc.xsd"">
  <dc:title>Fehlende Angabe in SUCHEF/GFUPER: Zwei Personen (1: beteiligt, 2: -) und zwei Körperschaften (1: urheber, 2: beteiligt)</dc:title>
  <dc:creator>Person 2 (1982–2001)</dc:creator>
  <dc:creator>Körperschaft 1 (1982)</dc:creator>
  <dc:contributor>Person 1 (1982–2001)</dc:contributor>
  <dc:contributor>Körperschaft 2</dc:contributor>
  <dc:identifier>https://www.dla-marbach.de/find/opac/id/AK00006001</dc:identifier>
  <dc:identifier>AK00006001</dc:identifier>
</oai_dc:dc>"
AK00006002,,"<oai_dc:dc xmlns:oai_dc=""http://www.openarchives.org/OAI/2.0/oai_dc/"" xmlns:dc=""http://purl.org/dc/elements/1.1/"" xmlns:xsi=""http://www.w3.org/2001/XMLSchema-instance"" xsi:schemaLocation=""http://www.openarchives.org/OAI/2.0/oai_dc/ http://www.openarchives.org/OAI/2.0/oai_dc.xsd"">
  <dc:title>Zusätzliche Angabe in SUCHEF/GFUPER: Zwei Personen (1: beteiligt, 2: urheber) und zwei Körperschaften (1: urheber, 2: beteiligt)</dc:title>
  <dc:creator>Person 2 (1982–2001)</dc:creator>
  <dc:creator>Körperschaft 1 (1982)</dc:creator>
  <dc:contributor>Person 1 (1982–2001)</dc:contributor>
  <dc:contributor>Körperschaft 2</dc:contributor>
  <dc:identifier>https://www.dla-marbach.de/find/opac/id/AK00006002</dc:identifier>
  <dc:identifier>AK00006002</dc:identifier>
</oai_dc:dc>"
AK00007001,,"<oai_dc:dc xmlns:oai_dc=""http://www.openarchives.org/OAI/2.0/oai_dc/"" xmlns:dc=""http://purl.org/dc/elements/1.1/"" xmlns:xsi=""http://www.w3.org/2001/XMLSchema-instance"" xsi:schemaLocation=""http://www.openarchives.org/OAI/2.0/oai_dc/ http://www.openarchives.org/OAI/2.0/oai_dc.xsd"">
  <dc:title>Platzhalter in Korrelationen: A0412 ohne AI412</dc:title>
  <dc:publisher>A</dc:publisher>
  <dc:publisher>B</dc:publisher>
  <dc:identifier>https://www.dla-marbach.de/find/opac/id/AK00007001</dc:identifier>
  <dc:identifier>AK00007001</dc:identifier>
</oai_dc:dc>"
AK00007002,,"<oai_dc:dc xmlns:oai_dc=""http://www.openarchives.org/OAI/2.0/oai_dc/"" xmlns:dc=""http://purl.org/dc/elements/1.1/"" xmlns:xsi=""http://www.w3.org/2001/XMLSchema-instance"" xsi:schemaLocation=""http://www.openarchives.org/OAI/2.0/oai_dc/ http://www.openarchives.org/OAI/2.0/oai_dc.xsd"">
  <dc:title>Platzhalter in Korrelationen: AI412 ohne A0412</dc:title>
  <dc:identifier>https://www.dla-marbach.de/find/opac/id/AK00007002</dc:identifier>
  <dc:identifier>AK00007002</dc:identifier>
</oai_dc:dc>"
AK00007003,,"<oai_dc:dc xmlns:oai_dc=""http://www.openarchives.org/OAI/2.0/oai_dc/"" xmlns:dc=""http://purl.org/dc/elements/1.1/"" xmlns:xsi=""http://www.w3.org/2001/XMLSchema-instance"" xsi:schemaLocation=""http://www.openarchives.org/OAI/2.0/oai_dc/ http://www.openarchives.org/OAI/2.0/oai_dc.xsd"">
  <dc:title>Platzhalter in Korrelationen: A0412 mit einem AI412</dc:title>
  <dc:publisher>A</dc:publisher>
  <dc:publisher>B</dc:publisher>
  <dc:publisher>C</dc:publisher>
  <dc:publisher>D</dc:publisher>
  <dc:publisher>E</dc:publisher>
  <dc:identifier>https://www.dla-marbach.de/find/opac/id/AK00007003</dc:identifier>
  <dc:identifier>AK00007003</dc:identifier>
</oai_dc:dc>"
AK00007004,,"<oai_dc:dc xmlns:oai_dc=""http://www.openarchives.org/OAI/2.0/oai_dc/"" xmlns:dc=""http://purl.org/dc/elements/1.1/"" xmlns:xsi=""http://www.w3.org/2001/XMLSchema-instance"" xsi:schemaLocation=""http://www.openarchives.org/OAI/2.0/oai_dc/ http://www.openarchives.org/OAI/2.0/oai_dc.xsd"">
  <dc:title>Platzhalter in Korrelationen: 2x A0412 und 1x AI412</dc:title>
  <dc:publisher>A</dc:publisher>
  <dc:publisher>B</dc:publisher>
  <dc:identifier>https://www.dla-marbach.de/find/opac/id/AK00007004</dc:identifier>
  <dc:identifier>AK00007004</dc:identifier>
</oai_dc:dc>"
AK00099999,,"<oai_dc:dc xmlns:oai_dc=""http://www.openarchives.org/OAI/2.0/oai_dc/"" xmlns:dc=""http://purl.org/dc/elements/1.1/"" xmlns:xsi=""http://www.w3.org/2001/XMLSchema-instance"" xsi:schemaLocation=""http://www.openarchives.org/OAI/2.0/oai_dc/ http://www.openarchives.org/OAI/2.0/oai_dc.xsd"">
  <dc:title>Ersetzung von Null-Character und Windows-Zeilenumbrüchen</dc:title>
  <dc:description>Null: wird gelöscht</dc:description>
  <dc:description>CRLF über Fortsetzungszeile wird ersetzt:
wenn danach etwas folgt</dc:description>
  <dc:description>CRLF wird ersetzt:
wenn danach etwas folgt</dc:description>
  <dc:description>CRLF am Ende wird ersetzt aber entfällt:</dc:description>
  <dc:description>CR mittendrin: wird gelöscht</dc:description>
  <dc:identifier>https://www.dla-marbach.de/find/opac/id/AK00099999</dc:identifier>
  <dc:identifier>AK00099999</dc:identifier>
</oai_dc:dc>"
BF00000001,2023-06-06,"<oai_dc:dc xmlns:oai_dc=""http://www.openarchives.org/OAI/2.0/oai_dc/"" xmlns:dc=""http://purl.org/dc/elements/1.1/"" xmlns:xsi=""http://www.w3.org/2001/XMLSchema-instance"" xsi:schemaLocation=""http://www.openarchives.org/OAI/2.0/oai_dc/ http://www.openarchives.org/OAI/2.0/oai_dc.xsd"">
  <dc:title>Z:Öffentlicher Bestand 1 - [Bestandstyp, Bestandsart, Unterbestandsart]</dc:title>
  <dc:creator>Person 3 (1982–2001)</dc:creator>
  <dc:creator>Person 4</dc:creator>
  <dc:creator>Körperschaft 5</dc:creator>
  <dc:creator>Körperschaft 6</dc:creator>
  <dc:type>Bestandsart</dc:type>
  <dc:type>Bestand</dc:type>
  <dc:date>1982-05-22</dc:date>
  <dc:date>2001-01-01</dc:date>
  <dc:format>Umfang</dc:format>
  <dc:description>Zusammenfassung</dc:description>
  <dc:description>Rotes Buch 1</dc:description>
  <dc:description>Rotes Buch 2</dc:description>
  <dc:subject>Thesaurus-Begriff 1</dc:subject>
  <dc:subject>Thesaurus-Begriff 2</dc:subject>
  <dc:subject>Person 1 (1982–2001)</dc:subject>
  <dc:subject>Person 2 (1982–2001)</dc:subject>
  <dc:subject>Körperschaft 3</dc:subject>
  <dc:subject>Körperschaft 4</dc:subject>
  <dc:coverage>Thesaurus-Begriff 1</dc:coverage>
  <dc:source>https://www.dla-marbach.de/find/opac/id/BF00000002</dc:source>
  <dc:identifier>Z:Öffentlicher Bestand 1</dc:identifier>
  <dc:identifier>https://www.dla-marbach.de/find/opac/id/BF00000001</dc:identifier>
  <dc:identifier>BF00000001</dc:identifier>
</oai_dc:dc>"
BF00000002,,"<oai_dc:dc xmlns:oai_dc=""http://www.openarchives.org/OAI/2.0/oai_dc/"" xmlns:dc=""http://purl.org/dc/elements/1.1/"" xmlns:xsi=""http://www.w3.org/2001/XMLSchema-instance"" xsi:schemaLocation=""http://www.openarchives.org/OAI/2.0/oai_dc/ http://www.openarchives.org/OAI/2.0/oai_dc.xsd"">
  <dc:title>Z:Öffentlicher Bestand 2</dc:title>
  <dc:type>Bestand</dc:type>
  <dc:format></dc:format>
  <dc:identifier>Z:Öffentlicher Bestand 2</dc:identifier>
  <dc:identifier>https://www.dla-marbach.de/find/opac/id/BF00000002</dc:identifier>
  <dc:identifier>BF00000002</dc:identifier>
</oai_dc:dc>"
BF00000004,,"<oai_dc:dc xmlns:oai_dc=""http://www.openarchives.org/OAI/2.0/oai_dc/"" xmlns:dc=""http://purl.org/dc/elements/1.1/"" xmlns:xsi=""http://www.w3.org/2001/XMLSchema-instance"" xsi:schemaLocation=""http://www.openarchives.org/OAI/2.0/oai_dc/ http://www.openarchives.org/OAI/2.0/oai_dc.xsd"">
  <dc:title>Facette Personen und Körperschaften</dc:title>
  <dc:creator>Person 2 (1982–2001)</dc:creator>
  <dc:creator>Körperschaft 2</dc:creator>
  <dc:type>Bestand</dc:type>
  <dc:format></dc:format>
  <dc:subject>Person 1 (1982–2001)</dc:subject>
  <dc:subject>Körperschaft 1</dc:subject>
  <dc:subject>Körperschaft 1 (1982)</dc:subject>
  <dc:identifier>Facette Personen und Körperschaften</dc:identifier>
  <dc:identifier>https://www.dla-marbach.de/find/opac/id/BF00000004</dc:identifier>
  <dc:identifier>BF00000004</dc:identifier>
</oai_dc:dc>"
BI00000001,2023-06-06,"<oai_dc:dc xmlns:oai_dc=""http://www.openarchives.org/OAI/2.0/oai_dc/"" xmlns:dc=""http://purl.org/dc/elements/1.1/"" xmlns:xsi=""http://www.w3.org/2001/XMLSchema-instance"" xsi:schemaLocation=""http://www.openarchives.org/OAI/2.0/oai_dc/ http://www.openarchives.org/OAI/2.0/oai_dc.xsd"">
  <dc:title>Bild 1 [Objektart Unterkategorie]</dc:title>
  <dc:title>Titel Original</dc:title>
  <dc:title>Person 1 (1982-2001). Werk 1 (genre : 2000)</dc:title>
  <dc:title>Person 2 (1982-2001). Werk 2 (genre)</dc:title>
  <dc:creator>Person 1 (1982–2001)</dc:creator>
  <dc:creator>Person 2 (1982–2001)</dc:creator>
  <dc:creator>Person 7</dc:creator>
  <dc:creator>Person 8</dc:creator>
  <dc:creator>Körperschaft 1 (1982)</dc:creator>
  <dc:creator>Körperschaft 2</dc:creator>
  <dc:creator>Körperschaft 5</dc:creator>
  <dc:creator>Körperschaft 6</dc:creator>
  <dc:contributor>Person 3 (1982–2001)</dc:contributor>
  <dc:contributor>Person 4</dc:contributor>
  <dc:contributor>Körperschaft 7</dc:contributor>
  <dc:contributor>Körperschaft 8</dc:contributor>
  <dc:type>Objektart Hauptkategorie</dc:type>
  <dc:type>Objektart Unterkategorie</dc:type>
  <dc:type>Objektart 1</dc:type>
  <dc:type>Objektart 2</dc:type>
  <dc:type>Objektart Zusammensetzung</dc:type>
  <dc:date>Zeitraum 1</dc:date>
  <dc:date>Zeitraum 2</dc:date>
  <dc:format>Maßangabe 1 Höhe (cm) x Maßangabe 1 Breite (cm)</dc:format>
  <dc:format>Material</dc:format>
  <dc:format>Umfang</dc:format>
  <dc:format>Erhaltungszustand</dc:format>
  <dc:description>Objektart 1</dc:description>
  <dc:description>Objektart 2</dc:description>
  <dc:description>Beschriftung</dc:description>
  <dc:subject>Schlagwort 1</dc:subject>
  <dc:subject>Schlagwort 2</dc:subject>
  <dc:subject>Ort-Schlagwort 1</dc:subject>
  <dc:subject>Ort-Schlagwort 2</dc:subject>
  <dc:subject>Person 5</dc:subject>
  <dc:subject>Person 6</dc:subject>
  <dc:subject>Körperschaft 3</dc:subject>
  <dc:subject>Körperschaft 4</dc:subject>
  <dc:subject>Werk 1</dc:subject>
  <dc:subject>Werk 2</dc:subject>
  <dc:coverage>Ort-Schlagwort 1</dc:coverage>
  <dc:coverage>Ort-Schlagwort 2</dc:coverage>
  <dc:source>https://www.dla-marbach.de/find/opac/id/BI00000002</dc:source>
  <dc:source>https://www.dla-marbach.de/find/opac/id/BF00000001</dc:source>
  <dc:source>https://www.dla-marbach.de/find/opac/id/HS00000001</dc:source>
  <dc:source>https://www.dla-marbach.de/find/opac/id/HS00000002</dc:source>
  <dc:source>https://www.dla-marbach.de/find/opac/id/HS99999999</dc:source>
  <dc:source>https://www.dla-marbach.de/find/opac/id/AK00000001</dc:source>
  <dc:identifier>Inventarnummer</dc:identifier>
  <dc:identifier>https://www.dla-marbach.de/find/opac/id/BI00000001</dc:identifier>
  <dc:identifier>BI00000001</dc:identifier>
</oai_dc:dc>"
BI00000002,,"<oai_dc:dc xmlns:oai_dc=""http://www.openarchives.org/OAI/2.0/oai_dc/"" xmlns:dc=""http://purl.org/dc/elements/1.1/"" xmlns:xsi=""http://www.w3.org/2001/XMLSchema-instance"" xsi:schemaLocation=""http://www.openarchives.org/OAI/2.0/oai_dc/ http://www.openarchives.org/OAI/2.0/oai_dc.xsd"">
  <dc:title>Wertetabelle Workaround: Plakat bleibt Plakat [Plakat]</dc:title>
  <dc:type>Sonstiger Datenträger</dc:type>
  <dc:type>Plakat</dc:type>
  <dc:source>https://www.dla-marbach.de/find/opac/id/BF00000001</dc:source>
  <dc:identifier>https://www.dla-marbach.de/find/opac/id/BI00000002</dc:identifier>
  <dc:identifier>BI00000002</dc:identifier>
</oai_dc:dc>"
BI00000004,,"<oai_dc:dc xmlns:oai_dc=""http://www.openarchives.org/OAI/2.0/oai_dc/"" xmlns:dc=""http://purl.org/dc/elements/1.1/"" xmlns:xsi=""http://www.w3.org/2001/XMLSchema-instance"" xsi:schemaLocation=""http://www.openarchives.org/OAI/2.0/oai_dc/ http://www.openarchives.org/OAI/2.0/oai_dc.xsd"">
  <dc:title>Facette Personen und Körperschaften</dc:title>
  <dc:creator>Person 3 (1982–2001)</dc:creator>
  <dc:creator>Person 5</dc:creator>
  <dc:creator>Person 6</dc:creator>
  <dc:creator>Person 2 (1982–2001)</dc:creator>
  <dc:creator>Körperschaft 3</dc:creator>
  <dc:creator>Körperschaft 2</dc:creator>
  <dc:contributor>Person 4</dc:contributor>
  <dc:contributor>Körperschaft 4</dc:contributor>
  <dc:subject>Person 1 (1982–2001)</dc:subject>
  <dc:subject>Person 6</dc:subject>
  <dc:subject>Körperschaft 1</dc:subject>
  <dc:subject>Körperschaft 6</dc:subject>
  <dc:subject>Körperschaft 1 (1982)</dc:subject>
  <dc:identifier>https://www.dla-marbach.de/find/opac/id/BI00000004</dc:identifier>
  <dc:identifier>BI00000004</dc:identifier>
</oai_dc:dc>"
BI00000011,,"<oai_dc:dc xmlns:oai_dc=""http://www.openarchives.org/OAI/2.0/oai_dc/"" xmlns:dc=""http://purl.org/dc/elements/1.1/"" xmlns:xsi=""http://www.w3.org/2001/XMLSchema-instance"" xsi:schemaLocation=""http://www.openarchives.org/OAI/2.0/oai_dc/ http://www.openarchives.org/OAI/2.0/oai_dc.xsd"">
  <dc:title>Verknüpfte Digitale Objekte</dc:title>
  <dc:identifier>https://digital.dla-marbach.de/viewer/image/BF00043389/0015/?media_thumbnail=BF00043389_0015.tif&amp;media_access=public</dc:identifier>
  <dc:identifier>https://digital.dla-marbach.de/viewer/image/BF00043389/?media_access=public</dc:identifier>
  <dc:identifier>https://www.dla-marbach.de/find/opac/id/BI00000011</dc:identifier>
  <dc:identifier>BI00000011</dc:identifier>
</oai_dc:dc>"
BI00000021,,"<oai_dc:dc xmlns:oai_dc=""http://www.openarchives.org/OAI/2.0/oai_dc/"" xmlns:dc=""http://purl.org/dc/elements/1.1/"" xmlns:xsi=""http://www.w3.org/2001/XMLSchema-instance"" xsi:schemaLocation=""http://www.openarchives.org/OAI/2.0/oai_dc/ http://www.openarchives.org/OAI/2.0/oai_dc.xsd"">
  <dc:title>Konvolut</dc:title>
  <dc:identifier>https://www.dla-marbach.de/find/opac/id/BI00000021</dc:identifier>
  <dc:identifier>BI00000021</dc:identifier>
</oai_dc:dc>"
BI00033390,2025-02-13,"<oai_dc:dc xmlns:oai_dc=""http://www.openarchives.org/OAI/2.0/oai_dc/"" xmlns:dc=""http://purl.org/dc/elements/1.1/"" xmlns:xsi=""http://www.w3.org/2001/XMLSchema-instance"" xsi:schemaLocation=""http://www.openarchives.org/OAI/2.0/oai_dc/ http://www.openarchives.org/OAI/2.0/oai_dc.xsd"">
  <dc:title>Hall. Michaelskirche [Druckgraphik]</dc:title>
  <dc:type>Druckgrafik</dc:type>
  <dc:date>1848-1852</dc:date>
  <dc:format> 15.0 x  23.3</dc:format>
  <dc:format>Stahlstich</dc:format>
  <dc:format>Blatt stockfleckig, fleckig u. angeschmutzt.</dc:format>
  <dc:description>Bez. (u.): &quot;Gez. v. Groos&quot; (li.), &quot;Stahlst. v. F. Foltz&quot; (re.) sowie &quot;DIE MICHAELSKIRCHE IN HALL | Verlag der Stettin´schen Buchhandlung in Ulm&quot; (mi.)</dc:description>
  <dc:source>https://www.dla-marbach.de/find/opac/id/BI00028179</dc:source>
  <dc:identifier>B 1991.K 0185</dc:identifier>
  <dc:identifier>https://www.dla-marbach.de/find/opac/id/BI00033390</dc:identifier>
  <dc:identifier>BI00033390</dc:identifier>
</oai_dc:dc>"
HS00000001,2023-06-06,"<oai_dc:dc xmlns:oai_dc=""http://www.openarchives.org/OAI/2.0/oai_dc/"" xmlns:dc=""http://purl.org/dc/elements/1.1/"" xmlns:xsi=""http://www.w3.org/2001/XMLSchema-instance"" xsi:schemaLocation=""http://www.openarchives.org/OAI/2.0/oai_dc/ http://www.openarchives.org/OAI/2.0/oai_dc.xsd"">
  <dc:title>Handschrift 1</dc:title>
  <dc:title>Haupttitel</dc:title>
  <dc:title>Weiterer Titel 1</dc:title>
  <dc:title>Weiterer Titel 2</dc:title>
  <dc:title>Person 1 (1982-2001). Werk 1 (genre : 2000)</dc:title>
  <dc:title>Person 2 (1982-2001). Werk 2 (genre)</dc:title>
  <dc:creator>Person 1 (1982–2001)</dc:creator>
  <dc:creator>Person 2 (1982–2001)</dc:creator>
  <dc:creator>Körperschaft 1 (1982)</dc:creator>
  <dc:creator>Körperschaft 2</dc:creator>
  <dc:contributor>Person 3 (1982–2001)</dc:contributor>
  <dc:contributor>Person 4</dc:contributor>
  <dc:contributor>Körperschaft 7</dc:contributor>
  <dc:contributor>Körperschaft 8</dc:contributor>
  <dc:type>Hauptgattung</dc:type>
  <dc:type>Weitere Hauptgattung 1</dc:type>
  <dc:type>Weitere Hauptgattung 2</dc:type>
  <dc:type>Untergattung</dc:type>
  <dc:type>Weitere Untergattung 1</dc:type>
  <dc:type>Weitere Untergattung 2</dc:type>
  <dc:type>Handschrift</dc:type>
  <dc:date>1982-05-22</dc:date>
  <dc:date>2001-01-01</dc:date>
  <dc:language>Sprache 1</dc:language>
  <dc:language>Sprache 2</dc:language>
  <dc:format>Umfang</dc:format>
  <dc:description>Inhalt</dc:description>
  <dc:subject>Schlagwort 1</dc:subject>
  <dc:subject>Schlagwort 2</dc:subject>
  <dc:subject>Person 5</dc:subject>
  <dc:subject>Person 6</dc:subject>
  <dc:subject>Körperschaft 3</dc:subject>
  <dc:subject>Körperschaft 4</dc:subject>
  <dc:subject>Werk 1</dc:subject>
  <dc:subject>Werk 2</dc:subject>
  <dc:source>https://www.dla-marbach.de/find/opac/id/HS00000002</dc:source>
  <dc:source>https://www.dla-marbach.de/find/opac/id/BF00000001</dc:source>
  <dc:identifier>Z:Öffentlicher Bestand 1</dc:identifier>
  <dc:identifier>https://www.dla-marbach.de/find/opac/id/HS00000001</dc:identifier>
  <dc:identifier>HS00000001</dc:identifier>
</oai_dc:dc>"
HS00000002,,"<oai_dc:dc xmlns:oai_dc=""http://www.openarchives.org/OAI/2.0/oai_dc/"" xmlns:dc=""http://purl.org/dc/elements/1.1/"" xmlns:xsi=""http://www.w3.org/2001/XMLSchema-instance"" xsi:schemaLocation=""http://www.openarchives.org/OAI/2.0/oai_dc/ http://www.openarchives.org/OAI/2.0/oai_dc.xsd"">
  <dc:title>Handschrift 2 Noten</dc:title>
  <dc:type>Kompositionen</dc:type>
  <dc:type>Sonstiger Datenträger</dc:type>
  <dc:type>Noten</dc:type>
  <dc:type>Handschrift</dc:type>
  <dc:identifier>https://www.dla-marbach.de/find/opac/id/HS00000002</dc:identifier>
  <dc:identifier>HS00000002</dc:identifier>
</oai_dc:dc>"
HS00000005,,"<oai_dc:dc xmlns:oai_dc=""http://www.openarchives.org/OAI/2.0/oai_dc/"" xmlns:dc=""http://purl.org/dc/elements/1.1/"" xmlns:xsi=""http://www.w3.org/2001/XMLSchema-instance"" xsi:schemaLocation=""http://www.openarchives.org/OAI/2.0/oai_dc/ http://www.openarchives.org/OAI/2.0/oai_dc.xsd"">
  <dc:title>Facette Personen und Körperschaften</dc:title>
  <dc:creator>Person 2 (1982–2001)</dc:creator>
  <dc:creator>Person 6</dc:creator>
  <dc:creator>Körperschaft 2</dc:creator>
  <dc:creator>Körperschaft 6</dc:creator>
  <dc:contributor>Person 3 (1982–2001)</dc:contributor>
  <dc:contributor>Person 6</dc:contributor>
  <dc:contributor>Körperschaft 3</dc:contributor>
  <dc:contributor>Körperschaft 6</dc:contributor>
  <dc:type>Handschrift</dc:type>
  <dc:subject>Person 1 (1982–2001)</dc:subject>
  <dc:subject>Person 6</dc:subject>
  <dc:subject>Körperschaft 1</dc:subject>
  <dc:subject>Körperschaft 6</dc:subject>
  <dc:subject>Körperschaft 1 (1982)</dc:subject>
  <dc:identifier>https://www.dla-marbach.de/find/opac/id/HS00000005</dc:identifier>
  <dc:identifier>HS00000005</dc:identifier>
</oai_dc:dc>"
HS00000011,,"<oai_dc:dc xmlns:oai_dc=""http://www.openarchives.org/OAI/2.0/oai_dc/"" xmlns:dc=""http://purl.org/dc/elements/1.1/"" xmlns:xsi=""http://www.w3.org/2001/XMLSchema-instance"" xsi:schemaLocation=""http://www.openarchives.org/OAI/2.0/oai_dc/ http://www.openarchives.org/OAI/2.0/oai_dc.xsd"">
  <dc:title>Verknüpfte Digitale Objekte</dc:title>
  <dc:type>Handschrift</dc:type>
  <dc:identifier>https://digital.dla-marbach.de/viewer/image/BF00043389/0015/?media_thumbnail=BF00043389_0015.tif&amp;media_access=public</dc:identifier>
  <dc:identifier>https://digital.dla-marbach.de/viewer/image/BF00043389/?media_access=public</dc:identifier>
  <dc:identifier>https://www.dla-marbach.de/find/opac/id/HS00000011</dc:identifier>
  <dc:identifier>HS00000011</dc:identifier>
</oai_dc:dc>"
HS00000012,,"<oai_dc:dc xmlns:oai_dc=""http://www.openarchives.org/OAI/2.0/oai_dc/"" xmlns:dc=""http://purl.org/dc/elements/1.1/"" xmlns:xsi=""http://www.w3.org/2001/XMLSchema-instance"" xsi:schemaLocation=""http://www.openarchives.org/OAI/2.0/oai_dc/ http://www.openarchives.org/OAI/2.0/oai_dc.xsd"">
  <dc:title>Filter Digital true</dc:title>
  <dc:type>Elektronisches Dokument</dc:type>
  <dc:type>Handschrift</dc:type>
  <dc:identifier>https://www.dla-marbach.de/find/opac/id/HS00000012</dc:identifier>
  <dc:identifier>HS00000012</dc:identifier>
</oai_dc:dc>"
