id,dateModified,exportMODS
AK00000001,2023-06-06,"<mods xmlns:xlink=""http://www.w3.org/1999/xlink"" xmlns:xsi=""http://www.w3.org/2001/XMLSchema-instance"" xmlns=""http://www.loc.gov/mods/v3"" version=""3.8"" xsi:schemaLocation=""http://www.loc.gov/mods/v3 http://www.loc.gov/standards/mods/v3/mods-3-8.xsd"">
  <titleInfo>
    <title>Bibliotheksdokument 1 - Ausgabebezeichnung Vorlageform : [Veröffentlichungsart 1]</title>
  </titleInfo>
  <recordInfo>
    <recordContentSource authority=""marcorg"">DE-Mar1</recordContentSource>
    <recordIdentifier source=""https://www.dla-marbach.de/find/opac/id/"">AK00000001</recordIdentifier>
  </recordInfo>
</mods>"
AK00001001,,"<mods xmlns:xlink=""http://www.w3.org/1999/xlink"" xmlns:xsi=""http://www.w3.org/2001/XMLSchema-instance"" xmlns=""http://www.loc.gov/mods/v3"" version=""3.8"" xsi:schemaLocation=""http://www.loc.gov/mods/v3 http://www.loc.gov/standards/mods/v3/mods-3-8.xsd"">
  <titleInfo>
    <title>Zwei verknüpfte Personen mit Indexloch in der Mitte</title>
  </titleInfo>
  <recordInfo>
    <recordContentSource authority=""marcorg"">DE-Mar1</recordContentSource>
    <recordIdentifier source=""https://www.dla-marbach.de/find/opac/id/"">AK00001001</recordIdentifier>
  </recordInfo>
</mods>"
AK00001002,,"<mods xmlns:xlink=""http://www.w3.org/1999/xlink"" xmlns:xsi=""http://www.w3.org/2001/XMLSchema-instance"" xmlns=""http://www.loc.gov/mods/v3"" version=""3.8"" xsi:schemaLocation=""http://www.loc.gov/mods/v3 http://www.loc.gov/standards/mods/v3/mods-3-8.xsd"">
  <titleInfo>
    <title>Eine verknüpfte Person mit Indexloch am Anfang</title>
  </titleInfo>
  <recordInfo>
    <recordContentSource authority=""marcorg"">DE-Mar1</recordContentSource>
    <recordIdentifier source=""https://www.dla-marbach.de/find/opac/id/"">AK00001002</recordIdentifier>
  </recordInfo>
</mods>"
AK00001003,,"<mods xmlns:xlink=""http://www.w3.org/1999/xlink"" xmlns:xsi=""http://www.w3.org/2001/XMLSchema-instance"" xmlns=""http://www.loc.gov/mods/v3"" version=""3.8"" xsi:schemaLocation=""http://www.loc.gov/mods/v3 http://www.loc.gov/standards/mods/v3/mods-3-8.xsd"">
  <titleInfo>
    <title>Drei verknüpfte Personen mit nur einer Funktion</title>
  </titleInfo>
  <recordInfo>
    <recordContentSource authority=""marcorg"">DE-Mar1</recordContentSource>
    <recordIdentifier source=""https://www.dla-marbach.de/find/opac/id/"">AK00001003</recordIdentifier>
  </recordInfo>
</mods>"
AK00001004,,"<mods xmlns:xlink=""http://www.w3.org/1999/xlink"" xmlns:xsi=""http://www.w3.org/2001/XMLSchema-instance"" xmlns=""http://www.loc.gov/mods/v3"" version=""3.8"" xsi:schemaLocation=""http://www.loc.gov/mods/v3 http://www.loc.gov/standards/mods/v3/mods-3-8.xsd"">
  <titleInfo>
    <title>Zwei verknüpfte Personen mit vier Funktionen (Funktion 3 und 4 sowie Indexloch überschüssig)</title>
  </titleInfo>
  <recordInfo>
    <recordContentSource authority=""marcorg"">DE-Mar1</recordContentSource>
    <recordIdentifier source=""https://www.dla-marbach.de/find/opac/id/"">AK00001004</recordIdentifier>
  </recordInfo>
</mods>"
AK00000011,,"<mods xmlns:xlink=""http://www.w3.org/1999/xlink"" xmlns:xsi=""http://www.w3.org/2001/XMLSchema-instance"" xmlns=""http://www.loc.gov/mods/v3"" version=""3.8"" xsi:schemaLocation=""http://www.loc.gov/mods/v3 http://www.loc.gov/standards/mods/v3/mods-3-8.xsd"">
  <titleInfo>
    <title>Gesamttitel 1</title>
  </titleInfo>
  <recordInfo>
    <recordContentSource authority=""marcorg"">DE-Mar1</recordContentSource>
    <recordIdentifier source=""https://www.dla-marbach.de/find/opac/id/"">AK00000011</recordIdentifier>
  </recordInfo>
</mods>"
AK00000012,,"<mods xmlns:xlink=""http://www.w3.org/1999/xlink"" xmlns:xsi=""http://www.w3.org/2001/XMLSchema-instance"" xmlns=""http://www.loc.gov/mods/v3"" version=""3.8"" xsi:schemaLocation=""http://www.loc.gov/mods/v3 http://www.loc.gov/standards/mods/v3/mods-3-8.xsd"">
  <titleInfo>
    <title>Gesamttitel 2</title>
  </titleInfo>
  <recordInfo>
    <recordContentSource authority=""marcorg"">DE-Mar1</recordContentSource>
    <recordIdentifier source=""https://www.dla-marbach.de/find/opac/id/"">AK00000012</recordIdentifier>
  </recordInfo>
</mods>"
AK00002001,,"<mods xmlns:xlink=""http://www.w3.org/1999/xlink"" xmlns:xsi=""http://www.w3.org/2001/XMLSchema-instance"" xmlns=""http://www.loc.gov/mods/v3"" version=""3.8"" xsi:schemaLocation=""http://www.loc.gov/mods/v3 http://www.loc.gov/standards/mods/v3/mods-3-8.xsd"">
  <titleInfo>
    <title>Wertetabelle: Code b wird aufgelöst zu Bibliotheksdokumente</title>
  </titleInfo>
  <recordInfo>
    <recordContentSource authority=""marcorg"">DE-Mar1</recordContentSource>
    <recordIdentifier source=""https://www.dla-marbach.de/find/opac/id/"">AK00002001</recordIdentifier>
  </recordInfo>
</mods>"
AK00002002,,"<mods xmlns:xlink=""http://www.w3.org/1999/xlink"" xmlns:xsi=""http://www.w3.org/2001/XMLSchema-instance"" xmlns=""http://www.loc.gov/mods/v3"" version=""3.8"" xsi:schemaLocation=""http://www.loc.gov/mods/v3 http://www.loc.gov/standards/mods/v3/mods-3-8.xsd"">
  <titleInfo>
    <title>Mappings: AdressatIn wird zu Adressat normalisiert</title>
  </titleInfo>
  <recordInfo>
    <recordContentSource authority=""marcorg"">DE-Mar1</recordContentSource>
    <recordIdentifier source=""https://www.dla-marbach.de/find/opac/id/"">AK00002002</recordIdentifier>
  </recordInfo>
</mods>"
AK00002003,,"<mods xmlns:xlink=""http://www.w3.org/1999/xlink"" xmlns:xsi=""http://www.w3.org/2001/XMLSchema-instance"" xmlns=""http://www.loc.gov/mods/v3"" version=""3.8"" xsi:schemaLocation=""http://www.loc.gov/mods/v3 http://www.loc.gov/standards/mods/v3/mods-3-8.xsd"">
  <titleInfo>
    <title>Dieser Datensatz enhält ein Zusatzfeld BLABLA, das bei der Konvertierung entfällt.</title>
  </titleInfo>
  <recordInfo>
    <recordContentSource authority=""marcorg"">DE-Mar1</recordContentSource>
    <recordIdentifier source=""https://www.dla-marbach.de/find/opac/id/"">AK00002003</recordIdentifier>
  </recordInfo>
</mods>"
AK00002004,,"<mods xmlns:xlink=""http://www.w3.org/1999/xlink"" xmlns:xsi=""http://www.w3.org/2001/XMLSchema-instance"" xmlns=""http://www.loc.gov/mods/v3"" version=""3.8"" xsi:schemaLocation=""http://www.loc.gov/mods/v3 http://www.loc.gov/standards/mods/v3/mods-3-8.xsd"">
  <titleInfo>
    <title>Von drei Codes in categoryMedia_mv bleibt nur CD erhalten</title>
  </titleInfo>
  <recordInfo>
    <recordContentSource authority=""marcorg"">DE-Mar1</recordContentSource>
    <recordIdentifier source=""https://www.dla-marbach.de/find/opac/id/"">AK00002004</recordIdentifier>
  </recordInfo>
</mods>"
AK00003001,,"<mods xmlns:xlink=""http://www.w3.org/1999/xlink"" xmlns:xsi=""http://www.w3.org/2001/XMLSchema-instance"" xmlns=""http://www.loc.gov/mods/v3"" version=""3.8"" xsi:schemaLocation=""http://www.loc.gov/mods/v3 http://www.loc.gov/standards/mods/v3/mods-3-8.xsd"">
  <titleInfo>
    <title>Konvertierung von 19680522 in 1968-05-22</title>
  </titleInfo>
  <recordInfo>
    <recordContentSource authority=""marcorg"">DE-Mar1</recordContentSource>
    <recordIdentifier source=""https://www.dla-marbach.de/find/opac/id/"">AK00003001</recordIdentifier>
  </recordInfo>
</mods>"
AK00003002,,"<mods xmlns:xlink=""http://www.w3.org/1999/xlink"" xmlns:xsi=""http://www.w3.org/2001/XMLSchema-instance"" xmlns=""http://www.loc.gov/mods/v3"" version=""3.8"" xsi:schemaLocation=""http://www.loc.gov/mods/v3 http://www.loc.gov/standards/mods/v3/mods-3-8.xsd"">
  <titleInfo>
    <title>Konvertierung von 19680500 in 1968-05</title>
  </titleInfo>
  <recordInfo>
    <recordContentSource authority=""marcorg"">DE-Mar1</recordContentSource>
    <recordIdentifier source=""https://www.dla-marbach.de/find/opac/id/"">AK00003002</recordIdentifier>
  </recordInfo>
</mods>"
AK00003003,,"<mods xmlns:xlink=""http://www.w3.org/1999/xlink"" xmlns:xsi=""http://www.w3.org/2001/XMLSchema-instance"" xmlns=""http://www.loc.gov/mods/v3"" version=""3.8"" xsi:schemaLocation=""http://www.loc.gov/mods/v3 http://www.loc.gov/standards/mods/v3/mods-3-8.xsd"">
  <titleInfo>
    <title>Konvertierung von 19680000 in 1968</title>
  </titleInfo>
  <recordInfo>
    <recordContentSource authority=""marcorg"">DE-Mar1</recordContentSource>
    <recordIdentifier source=""https://www.dla-marbach.de/find/opac/id/"">AK00003003</recordIdentifier>
  </recordInfo>
</mods>"
AK00003004,,"<mods xmlns:xlink=""http://www.w3.org/1999/xlink"" xmlns:xsi=""http://www.w3.org/2001/XMLSchema-instance"" xmlns=""http://www.loc.gov/mods/v3"" version=""3.8"" xsi:schemaLocation=""http://www.loc.gov/mods/v3 http://www.loc.gov/standards/mods/v3/mods-3-8.xsd"">
  <titleInfo>
    <title>Nichtnormierte Datumsangabe Mai 1968 entfällt</title>
  </titleInfo>
  <recordInfo>
    <recordContentSource authority=""marcorg"">DE-Mar1</recordContentSource>
    <recordIdentifier source=""https://www.dla-marbach.de/find/opac/id/"">AK00003004</recordIdentifier>
  </recordInfo>
</mods>"
AK00003005,,"<mods xmlns:xlink=""http://www.w3.org/1999/xlink"" xmlns:xsi=""http://www.w3.org/2001/XMLSchema-instance"" xmlns=""http://www.loc.gov/mods/v3"" version=""3.8"" xsi:schemaLocation=""http://www.loc.gov/mods/v3 http://www.loc.gov/standards/mods/v3/mods-3-8.xsd"">
  <titleInfo>
    <title>Nichtnormierte Datumsangabe 2021/2022 entfällt</title>
  </titleInfo>
  <recordInfo>
    <recordContentSource authority=""marcorg"">DE-Mar1</recordContentSource>
    <recordIdentifier source=""https://www.dla-marbach.de/find/opac/id/"">AK00003005</recordIdentifier>
  </recordInfo>
</mods>"
AK00003006,,"<mods xmlns:xlink=""http://www.w3.org/1999/xlink"" xmlns:xsi=""http://www.w3.org/2001/XMLSchema-instance"" xmlns=""http://www.loc.gov/mods/v3"" version=""3.8"" xsi:schemaLocation=""http://www.loc.gov/mods/v3 http://www.loc.gov/standards/mods/v3/mods-3-8.xsd"">
  <titleInfo>
    <title>Zwei nichtnormierte Datumsangaben entfallen</title>
  </titleInfo>
  <recordInfo>
    <recordContentSource authority=""marcorg"">DE-Mar1</recordContentSource>
    <recordIdentifier source=""https://www.dla-marbach.de/find/opac/id/"">AK00003006</recordIdentifier>
  </recordInfo>
</mods>"
AK00000031,,"<mods xmlns:xlink=""http://www.w3.org/1999/xlink"" xmlns:xsi=""http://www.w3.org/2001/XMLSchema-instance"" xmlns=""http://www.loc.gov/mods/v3"" version=""3.8"" xsi:schemaLocation=""http://www.loc.gov/mods/v3 http://www.loc.gov/standards/mods/v3/mods-3-8.xsd"">
  <titleInfo>
    <title>Titel über 1</title>
  </titleInfo>
  <recordInfo>
    <recordContentSource authority=""marcorg"">DE-Mar1</recordContentSource>
    <recordIdentifier source=""https://www.dla-marbach.de/find/opac/id/"">AK00000031</recordIdentifier>
  </recordInfo>
</mods>"
AK00000032,,"<mods xmlns:xlink=""http://www.w3.org/1999/xlink"" xmlns:xsi=""http://www.w3.org/2001/XMLSchema-instance"" xmlns=""http://www.loc.gov/mods/v3"" version=""3.8"" xsi:schemaLocation=""http://www.loc.gov/mods/v3 http://www.loc.gov/standards/mods/v3/mods-3-8.xsd"">
  <titleInfo>
    <title>Titel über 2</title>
  </titleInfo>
  <recordInfo>
    <recordContentSource authority=""marcorg"">DE-Mar1</recordContentSource>
    <recordIdentifier source=""https://www.dla-marbach.de/find/opac/id/"">AK00000032</recordIdentifier>
  </recordInfo>
</mods>"
AK00004001,,"<mods xmlns:xlink=""http://www.w3.org/1999/xlink"" xmlns:xsi=""http://www.w3.org/2001/XMLSchema-instance"" xmlns=""http://www.loc.gov/mods/v3"" version=""3.8"" xsi:schemaLocation=""http://www.loc.gov/mods/v3 http://www.loc.gov/standards/mods/v3/mods-3-8.xsd"">
  <titleInfo>
    <title>Inhaltsangabe mit aDis Zeilenumbrüchen &lt;br&gt; und /SP/ die NICHT ersetzt werden</title>
  </titleInfo>
  <recordInfo>
    <recordContentSource authority=""marcorg"">DE-Mar1</recordContentSource>
    <recordIdentifier source=""https://www.dla-marbach.de/find/opac/id/"">AK00004001</recordIdentifier>
  </recordInfo>
</mods>"
AK00004002,,"<mods xmlns:xlink=""http://www.w3.org/1999/xlink"" xmlns:xsi=""http://www.w3.org/2001/XMLSchema-instance"" xmlns=""http://www.loc.gov/mods/v3"" version=""3.8"" xsi:schemaLocation=""http://www.loc.gov/mods/v3 http://www.loc.gov/standards/mods/v3/mods-3-8.xsd"">
  <titleInfo>
    <title>Drei Fußnoten mit aDIS Zeilenumbrüchen &lt;br&gt; und /SP/ die ersetzt werden</title>
  </titleInfo>
  <recordInfo>
    <recordContentSource authority=""marcorg"">DE-Mar1</recordContentSource>
    <recordIdentifier source=""https://www.dla-marbach.de/find/opac/id/"">AK00004002</recordIdentifier>
  </recordInfo>
</mods>"
AK00004003,,"<mods xmlns:xlink=""http://www.w3.org/1999/xlink"" xmlns:xsi=""http://www.w3.org/2001/XMLSchema-instance"" xmlns=""http://www.loc.gov/mods/v3"" version=""3.8"" xsi:schemaLocation=""http://www.loc.gov/mods/v3 http://www.loc.gov/standards/mods/v3/mods-3-8.xsd"">
  <titleInfo>
    <title>Inhaltsangabe mit mehr als 100 Zeichen</title>
  </titleInfo>
  <recordInfo>
    <recordContentSource authority=""marcorg"">DE-Mar1</recordContentSource>
    <recordIdentifier source=""https://www.dla-marbach.de/find/opac/id/"">AK00004003</recordIdentifier>
  </recordInfo>
</mods>"
AK00004004,,"<mods xmlns:xlink=""http://www.w3.org/1999/xlink"" xmlns:xsi=""http://www.w3.org/2001/XMLSchema-instance"" xmlns=""http://www.loc.gov/mods/v3"" version=""3.8"" xsi:schemaLocation=""http://www.loc.gov/mods/v3 http://www.loc.gov/standards/mods/v3/mods-3-8.xsd"">
  <titleInfo>
    <title>Inhaltsangabe mit fünf Tabs, die durch Leerzeichen ersetzt werden.</title>
  </titleInfo>
  <recordInfo>
    <recordContentSource authority=""marcorg"">DE-Mar1</recordContentSource>
    <recordIdentifier source=""https://www.dla-marbach.de/find/opac/id/"">AK00004004</recordIdentifier>
  </recordInfo>
</mods>"
AK00000041,,"<mods xmlns:xlink=""http://www.w3.org/1999/xlink"" xmlns:xsi=""http://www.w3.org/2001/XMLSchema-instance"" xmlns=""http://www.loc.gov/mods/v3"" version=""3.8"" xsi:schemaLocation=""http://www.loc.gov/mods/v3 http://www.loc.gov/standards/mods/v3/mods-3-8.xsd"">
  <titleInfo>
    <title>Manifestation 1</title>
  </titleInfo>
  <recordInfo>
    <recordContentSource authority=""marcorg"">DE-Mar1</recordContentSource>
    <recordIdentifier source=""https://www.dla-marbach.de/find/opac/id/"">AK00000041</recordIdentifier>
  </recordInfo>
</mods>"
AK00000042,,"<mods xmlns:xlink=""http://www.w3.org/1999/xlink"" xmlns:xsi=""http://www.w3.org/2001/XMLSchema-instance"" xmlns=""http://www.loc.gov/mods/v3"" version=""3.8"" xsi:schemaLocation=""http://www.loc.gov/mods/v3 http://www.loc.gov/standards/mods/v3/mods-3-8.xsd"">
  <titleInfo>
    <title>Manifestation 2</title>
  </titleInfo>
  <recordInfo>
    <recordContentSource authority=""marcorg"">DE-Mar1</recordContentSource>
    <recordIdentifier source=""https://www.dla-marbach.de/find/opac/id/"">AK00000042</recordIdentifier>
  </recordInfo>
</mods>"
AK00005002,,"<mods xmlns:xlink=""http://www.w3.org/1999/xlink"" xmlns:xsi=""http://www.w3.org/2001/XMLSchema-instance"" xmlns=""http://www.loc.gov/mods/v3"" version=""3.8"" xsi:schemaLocation=""http://www.loc.gov/mods/v3 http://www.loc.gov/standards/mods/v3/mods-3-8.xsd"">
  <titleInfo>
    <title>Öffentlicher Datensatz</title>
  </titleInfo>
  <recordInfo>
    <recordContentSource authority=""marcorg"">DE-Mar1</recordContentSource>
    <recordIdentifier source=""https://www.dla-marbach.de/find/opac/id/"">AK00005002</recordIdentifier>
  </recordInfo>
</mods>"
AK00000051,,"<mods xmlns:xlink=""http://www.w3.org/1999/xlink"" xmlns:xsi=""http://www.w3.org/2001/XMLSchema-instance"" xmlns=""http://www.loc.gov/mods/v3"" version=""3.8"" xsi:schemaLocation=""http://www.loc.gov/mods/v3 http://www.loc.gov/standards/mods/v3/mods-3-8.xsd"">
  <titleInfo>
    <title>Zeitschriftenheft 1</title>
  </titleInfo>
  <recordInfo>
    <recordContentSource authority=""marcorg"">DE-Mar1</recordContentSource>
    <recordIdentifier source=""https://www.dla-marbach.de/find/opac/id/"">AK00000051</recordIdentifier>
  </recordInfo>
</mods>"
AK00000052,,"<mods xmlns:xlink=""http://www.w3.org/1999/xlink"" xmlns:xsi=""http://www.w3.org/2001/XMLSchema-instance"" xmlns=""http://www.loc.gov/mods/v3"" version=""3.8"" xsi:schemaLocation=""http://www.loc.gov/mods/v3 http://www.loc.gov/standards/mods/v3/mods-3-8.xsd"">
  <titleInfo>
    <title>Zeitschriftenheft 2</title>
  </titleInfo>
  <recordInfo>
    <recordContentSource authority=""marcorg"">DE-Mar1</recordContentSource>
    <recordIdentifier source=""https://www.dla-marbach.de/find/opac/id/"">AK00000052</recordIdentifier>
  </recordInfo>
</mods>"
AK00006001,,"<mods xmlns:xlink=""http://www.w3.org/1999/xlink"" xmlns:xsi=""http://www.w3.org/2001/XMLSchema-instance"" xmlns=""http://www.loc.gov/mods/v3"" version=""3.8"" xsi:schemaLocation=""http://www.loc.gov/mods/v3 http://www.loc.gov/standards/mods/v3/mods-3-8.xsd"">
  <titleInfo>
    <title>Fehlende Angabe in SUCHEF/GFUPER: Zwei Personen (1: beteiligt, 2: -) und zwei Körperschaften (1: urheber, 2: beteiligt)</title>
  </titleInfo>
  <recordInfo>
    <recordContentSource authority=""marcorg"">DE-Mar1</recordContentSource>
    <recordIdentifier source=""https://www.dla-marbach.de/find/opac/id/"">AK00006001</recordIdentifier>
  </recordInfo>
</mods>"
AK00006002,,"<mods xmlns:xlink=""http://www.w3.org/1999/xlink"" xmlns:xsi=""http://www.w3.org/2001/XMLSchema-instance"" xmlns=""http://www.loc.gov/mods/v3"" version=""3.8"" xsi:schemaLocation=""http://www.loc.gov/mods/v3 http://www.loc.gov/standards/mods/v3/mods-3-8.xsd"">
  <titleInfo>
    <title>Zusätzliche Angabe in SUCHEF/GFUPER: Zwei Personen (1: beteiligt, 2: urheber) und zwei Körperschaften (1: urheber, 2: beteiligt)</title>
  </titleInfo>
  <recordInfo>
    <recordContentSource authority=""marcorg"">DE-Mar1</recordContentSource>
    <recordIdentifier source=""https://www.dla-marbach.de/find/opac/id/"">AK00006002</recordIdentifier>
  </recordInfo>
</mods>"
AK00007001,,"<mods xmlns:xlink=""http://www.w3.org/1999/xlink"" xmlns:xsi=""http://www.w3.org/2001/XMLSchema-instance"" xmlns=""http://www.loc.gov/mods/v3"" version=""3.8"" xsi:schemaLocation=""http://www.loc.gov/mods/v3 http://www.loc.gov/standards/mods/v3/mods-3-8.xsd"">
  <titleInfo>
    <title>Platzhalter in Korrelationen: A0412 ohne AI412</title>
  </titleInfo>
  <recordInfo>
    <recordContentSource authority=""marcorg"">DE-Mar1</recordContentSource>
    <recordIdentifier source=""https://www.dla-marbach.de/find/opac/id/"">AK00007001</recordIdentifier>
  </recordInfo>
</mods>"
AK00007002,,"<mods xmlns:xlink=""http://www.w3.org/1999/xlink"" xmlns:xsi=""http://www.w3.org/2001/XMLSchema-instance"" xmlns=""http://www.loc.gov/mods/v3"" version=""3.8"" xsi:schemaLocation=""http://www.loc.gov/mods/v3 http://www.loc.gov/standards/mods/v3/mods-3-8.xsd"">
  <titleInfo>
    <title>Platzhalter in Korrelationen: AI412 ohne A0412</title>
  </titleInfo>
  <recordInfo>
    <recordContentSource authority=""marcorg"">DE-Mar1</recordContentSource>
    <recordIdentifier source=""https://www.dla-marbach.de/find/opac/id/"">AK00007002</recordIdentifier>
  </recordInfo>
</mods>"
AK00007003,,"<mods xmlns:xlink=""http://www.w3.org/1999/xlink"" xmlns:xsi=""http://www.w3.org/2001/XMLSchema-instance"" xmlns=""http://www.loc.gov/mods/v3"" version=""3.8"" xsi:schemaLocation=""http://www.loc.gov/mods/v3 http://www.loc.gov/standards/mods/v3/mods-3-8.xsd"">
  <titleInfo>
    <title>Platzhalter in Korrelationen: A0412 mit einem AI412</title>
  </titleInfo>
  <recordInfo>
    <recordContentSource authority=""marcorg"">DE-Mar1</recordContentSource>
    <recordIdentifier source=""https://www.dla-marbach.de/find/opac/id/"">AK00007003</recordIdentifier>
  </recordInfo>
</mods>"
AK00007004,,"<mods xmlns:xlink=""http://www.w3.org/1999/xlink"" xmlns:xsi=""http://www.w3.org/2001/XMLSchema-instance"" xmlns=""http://www.loc.gov/mods/v3"" version=""3.8"" xsi:schemaLocation=""http://www.loc.gov/mods/v3 http://www.loc.gov/standards/mods/v3/mods-3-8.xsd"">
  <titleInfo>
    <title>Platzhalter in Korrelationen: 2x A0412 und 1x AI412</title>
  </titleInfo>
  <recordInfo>
    <recordContentSource authority=""marcorg"">DE-Mar1</recordContentSource>
    <recordIdentifier source=""https://www.dla-marbach.de/find/opac/id/"">AK00007004</recordIdentifier>
  </recordInfo>
</mods>"
AK00099999,,"<mods xmlns:xlink=""http://www.w3.org/1999/xlink"" xmlns:xsi=""http://www.w3.org/2001/XMLSchema-instance"" xmlns=""http://www.loc.gov/mods/v3"" version=""3.8"" xsi:schemaLocation=""http://www.loc.gov/mods/v3 http://www.loc.gov/standards/mods/v3/mods-3-8.xsd"">
  <titleInfo>
    <title>Ersetzung von Null-Character und Windows-Zeilenumbrüchen</title>
  </titleInfo>
  <recordInfo>
    <recordContentSource authority=""marcorg"">DE-Mar1</recordContentSource>
    <recordIdentifier source=""https://www.dla-marbach.de/find/opac/id/"">AK00099999</recordIdentifier>
  </recordInfo>
</mods>"
AK00000071,,"<mods xmlns:xlink=""http://www.w3.org/1999/xlink"" xmlns:xsi=""http://www.w3.org/2001/XMLSchema-instance"" xmlns=""http://www.loc.gov/mods/v3"" version=""3.8"" xsi:schemaLocation=""http://www.loc.gov/mods/v3 http://www.loc.gov/standards/mods/v3/mods-3-8.xsd"">
  <titleInfo>
    <title>Verknüpfte Digitale Objekte</title>
  </titleInfo>
  <recordInfo>
    <recordContentSource authority=""marcorg"">DE-Mar1</recordContentSource>
    <recordIdentifier source=""https://www.dla-marbach.de/find/opac/id/"">AK00000071</recordIdentifier>
  </recordInfo>
</mods>"
AK00000063,,"<mods xmlns:xlink=""http://www.w3.org/1999/xlink"" xmlns:xsi=""http://www.w3.org/2001/XMLSchema-instance"" xmlns=""http://www.loc.gov/mods/v3"" version=""3.8"" xsi:schemaLocation=""http://www.loc.gov/mods/v3 http://www.loc.gov/standards/mods/v3/mods-3-8.xsd"">
  <titleInfo>
    <title>Facette Personen und Körperschaften</title>
  </titleInfo>
  <recordInfo>
    <recordContentSource authority=""marcorg"">DE-Mar1</recordContentSource>
    <recordIdentifier source=""https://www.dla-marbach.de/find/opac/id/"">AK00000063</recordIdentifier>
  </recordInfo>
</mods>"
AK00000064,,"<mods xmlns:xlink=""http://www.w3.org/1999/xlink"" xmlns:xsi=""http://www.w3.org/2001/XMLSchema-instance"" xmlns=""http://www.loc.gov/mods/v3"" version=""3.8"" xsi:schemaLocation=""http://www.loc.gov/mods/v3 http://www.loc.gov/standards/mods/v3/mods-3-8.xsd"">
  <titleInfo>
    <title>Facette Personen und Körperschaften</title>
  </titleInfo>
  <recordInfo>
    <recordContentSource authority=""marcorg"">DE-Mar1</recordContentSource>
    <recordIdentifier source=""https://www.dla-marbach.de/find/opac/id/"">AK00000064</recordIdentifier>
  </recordInfo>
</mods>"
AK00000065,,"<mods xmlns:xlink=""http://www.w3.org/1999/xlink"" xmlns:xsi=""http://www.w3.org/2001/XMLSchema-instance"" xmlns=""http://www.loc.gov/mods/v3"" version=""3.8"" xsi:schemaLocation=""http://www.loc.gov/mods/v3 http://www.loc.gov/standards/mods/v3/mods-3-8.xsd"">
  <titleInfo>
    <title>Facette Personen und Körperschaften Systematikketten</title>
  </titleInfo>
  <recordInfo>
    <recordContentSource authority=""marcorg"">DE-Mar1</recordContentSource>
    <recordIdentifier source=""https://www.dla-marbach.de/find/opac/id/"">AK00000065</recordIdentifier>
  </recordInfo>
</mods>"
AK00000066,,"<mods xmlns:xlink=""http://www.w3.org/1999/xlink"" xmlns:xsi=""http://www.w3.org/2001/XMLSchema-instance"" xmlns=""http://www.loc.gov/mods/v3"" version=""3.8"" xsi:schemaLocation=""http://www.loc.gov/mods/v3 http://www.loc.gov/standards/mods/v3/mods-3-8.xsd"">
  <titleInfo>
    <title>Facette Personen und Körperschaften Provenienzketten über Exemplare</title>
  </titleInfo>
  <recordInfo>
    <recordContentSource authority=""marcorg"">DE-Mar1</recordContentSource>
    <recordIdentifier source=""https://www.dla-marbach.de/find/opac/id/"">AK00000066</recordIdentifier>
  </recordInfo>
</mods>"
AK00000061,,"<mods xmlns:xlink=""http://www.w3.org/1999/xlink"" xmlns:xsi=""http://www.w3.org/2001/XMLSchema-instance"" xmlns=""http://www.loc.gov/mods/v3"" version=""3.8"" xsi:schemaLocation=""http://www.loc.gov/mods/v3 http://www.loc.gov/standards/mods/v3/mods-3-8.xsd"">
  <titleInfo>
    <title>Facette Form und Inhalt : [Edition Corvey]</title>
  </titleInfo>
  <recordInfo>
    <recordContentSource authority=""marcorg"">DE-Mar1</recordContentSource>
    <recordIdentifier source=""https://www.dla-marbach.de/find/opac/id/"">AK00000061</recordIdentifier>
  </recordInfo>
</mods>"
AK00000062,,"<mods xmlns:xlink=""http://www.w3.org/1999/xlink"" xmlns:xsi=""http://www.w3.org/2001/XMLSchema-instance"" xmlns=""http://www.loc.gov/mods/v3"" version=""3.8"" xsi:schemaLocation=""http://www.loc.gov/mods/v3 http://www.loc.gov/standards/mods/v3/mods-3-8.xsd"">
  <titleInfo>
    <title>Facette Medium : [Musikalia]</title>
  </titleInfo>
  <recordInfo>
    <recordContentSource authority=""marcorg"">DE-Mar1</recordContentSource>
    <recordIdentifier source=""https://www.dla-marbach.de/find/opac/id/"">AK00000062</recordIdentifier>
  </recordInfo>
</mods>"
AK00000053,,"<mods xmlns:xlink=""http://www.w3.org/1999/xlink"" xmlns:xsi=""http://www.w3.org/2001/XMLSchema-instance"" xmlns=""http://www.loc.gov/mods/v3"" version=""3.8"" xsi:schemaLocation=""http://www.loc.gov/mods/v3 http://www.loc.gov/standards/mods/v3/mods-3-8.xsd"">
  <titleInfo>
    <title>Zeitschrift</title>
  </titleInfo>
  <recordInfo>
    <recordContentSource authority=""marcorg"">DE-Mar1</recordContentSource>
    <recordIdentifier source=""https://www.dla-marbach.de/find/opac/id/"">AK00000053</recordIdentifier>
  </recordInfo>
</mods>"
BF00000001,2023-06-06,"<mods xmlns:xlink=""http://www.w3.org/1999/xlink"" xmlns:xsi=""http://www.w3.org/2001/XMLSchema-instance"" xmlns=""http://www.loc.gov/mods/v3"" version=""3.8"" xsi:schemaLocation=""http://www.loc.gov/mods/v3 http://www.loc.gov/standards/mods/v3/mods-3-8.xsd"">
  <titleInfo>
    <title>Z:Öffentlicher Bestand 1 - [Bestandstyp, Bestandsart, Unterbestandsart]</title>
  </titleInfo>
  <recordInfo>
    <recordContentSource authority=""marcorg"">DE-Mar1</recordContentSource>
    <recordIdentifier source=""https://www.dla-marbach.de/find/opac/id/"">BF00000001</recordIdentifier>
  </recordInfo>
</mods>"
BF00000002,,"<mods xmlns:xlink=""http://www.w3.org/1999/xlink"" xmlns:xsi=""http://www.w3.org/2001/XMLSchema-instance"" xmlns=""http://www.loc.gov/mods/v3"" version=""3.8"" xsi:schemaLocation=""http://www.loc.gov/mods/v3 http://www.loc.gov/standards/mods/v3/mods-3-8.xsd"">
  <titleInfo>
    <title>Z:Öffentlicher Bestand 2</title>
  </titleInfo>
  <recordInfo>
    <recordContentSource authority=""marcorg"">DE-Mar1</recordContentSource>
    <recordIdentifier source=""https://www.dla-marbach.de/find/opac/id/"">BF00000002</recordIdentifier>
  </recordInfo>
</mods>"
BF00000004,,"<mods xmlns:xlink=""http://www.w3.org/1999/xlink"" xmlns:xsi=""http://www.w3.org/2001/XMLSchema-instance"" xmlns=""http://www.loc.gov/mods/v3"" version=""3.8"" xsi:schemaLocation=""http://www.loc.gov/mods/v3 http://www.loc.gov/standards/mods/v3/mods-3-8.xsd"">
  <titleInfo>
    <title>Facette Personen und Körperschaften</title>
  </titleInfo>
  <recordInfo>
    <recordContentSource authority=""marcorg"">DE-Mar1</recordContentSource>
    <recordIdentifier source=""https://www.dla-marbach.de/find/opac/id/"">BF00000004</recordIdentifier>
  </recordInfo>
</mods>"
BI00000001,2023-06-06,"<mods xmlns:xlink=""http://www.w3.org/1999/xlink"" xmlns:xsi=""http://www.w3.org/2001/XMLSchema-instance"" xmlns=""http://www.loc.gov/mods/v3"" version=""3.8"" xsi:schemaLocation=""http://www.loc.gov/mods/v3 http://www.loc.gov/standards/mods/v3/mods-3-8.xsd"">
  <titleInfo>
    <title>Bild 1 [Objektart Unterkategorie]</title>
  </titleInfo>
  <recordInfo>
    <recordContentSource authority=""marcorg"">DE-Mar1</recordContentSource>
    <recordIdentifier source=""https://www.dla-marbach.de/find/opac/id/"">BI00000001</recordIdentifier>
  </recordInfo>
</mods>"
BI00000002,,"<mods xmlns:xlink=""http://www.w3.org/1999/xlink"" xmlns:xsi=""http://www.w3.org/2001/XMLSchema-instance"" xmlns=""http://www.loc.gov/mods/v3"" version=""3.8"" xsi:schemaLocation=""http://www.loc.gov/mods/v3 http://www.loc.gov/standards/mods/v3/mods-3-8.xsd"">
  <titleInfo>
    <title>Wertetabelle Workaround: Plakat bleibt Plakat [Plakat]</title>
  </titleInfo>
  <recordInfo>
    <recordContentSource authority=""marcorg"">DE-Mar1</recordContentSource>
    <recordIdentifier source=""https://www.dla-marbach.de/find/opac/id/"">BI00000002</recordIdentifier>
  </recordInfo>
</mods>"
BI00000004,,"<mods xmlns:xlink=""http://www.w3.org/1999/xlink"" xmlns:xsi=""http://www.w3.org/2001/XMLSchema-instance"" xmlns=""http://www.loc.gov/mods/v3"" version=""3.8"" xsi:schemaLocation=""http://www.loc.gov/mods/v3 http://www.loc.gov/standards/mods/v3/mods-3-8.xsd"">
  <titleInfo>
    <title>Facette Personen und Körperschaften</title>
  </titleInfo>
  <recordInfo>
    <recordContentSource authority=""marcorg"">DE-Mar1</recordContentSource>
    <recordIdentifier source=""https://www.dla-marbach.de/find/opac/id/"">BI00000004</recordIdentifier>
  </recordInfo>
</mods>"
HS00000001,2023-06-06,"<mods xmlns:xlink=""http://www.w3.org/1999/xlink"" xmlns:xsi=""http://www.w3.org/2001/XMLSchema-instance"" xmlns=""http://www.loc.gov/mods/v3"" version=""3.8"" xsi:schemaLocation=""http://www.loc.gov/mods/v3 http://www.loc.gov/standards/mods/v3/mods-3-8.xsd"">
  <titleInfo>
    <title>Handschrift 1</title>
  </titleInfo>
  <recordInfo>
    <recordContentSource authority=""marcorg"">DE-Mar1</recordContentSource>
    <recordIdentifier source=""https://www.dla-marbach.de/find/opac/id/"">HS00000001</recordIdentifier>
  </recordInfo>
</mods>"
HS00000002,,"<mods xmlns:xlink=""http://www.w3.org/1999/xlink"" xmlns:xsi=""http://www.w3.org/2001/XMLSchema-instance"" xmlns=""http://www.loc.gov/mods/v3"" version=""3.8"" xsi:schemaLocation=""http://www.loc.gov/mods/v3 http://www.loc.gov/standards/mods/v3/mods-3-8.xsd"">
  <titleInfo>
    <title>Handschrift 2 Noten</title>
  </titleInfo>
  <recordInfo>
    <recordContentSource authority=""marcorg"">DE-Mar1</recordContentSource>
    <recordIdentifier source=""https://www.dla-marbach.de/find/opac/id/"">HS00000002</recordIdentifier>
  </recordInfo>
</mods>"
HS00000005,,"<mods xmlns:xlink=""http://www.w3.org/1999/xlink"" xmlns:xsi=""http://www.w3.org/2001/XMLSchema-instance"" xmlns=""http://www.loc.gov/mods/v3"" version=""3.8"" xsi:schemaLocation=""http://www.loc.gov/mods/v3 http://www.loc.gov/standards/mods/v3/mods-3-8.xsd"">
  <titleInfo>
    <title>Facette Personen und Körperschaften</title>
  </titleInfo>
  <recordInfo>
    <recordContentSource authority=""marcorg"">DE-Mar1</recordContentSource>
    <recordIdentifier source=""https://www.dla-marbach.de/find/opac/id/"">HS00000005</recordIdentifier>
  </recordInfo>
</mods>"
